"Step","mpe_mpe-large-spread-v2_ac_att_noise_JAMMAS_1_justentity - episode_return","mpe_mpe-large-spread-v2_ac_att_noise_JAMMAS_1_justentity - episode_return__MIN","mpe_mpe-large-spread-v2_ac_att_noise_JAMMAS_1_justentity - episode_return__MAX","mpe_mpe-large-spread-v2_ac_att_noise_JAMMAS_1_336figure3 - episode_return","mpe_mpe-large-spread-v2_ac_att_noise_JAMMAS_1_336figure3 - episode_return__MIN","mpe_mpe-large-spread-v2_ac_att_noise_JAMMAS_1_336figure3 - episode_return__MAX"
"0","-694.2","-694.2","-694.2","-829.6","-829.6","-829.6"
"1","-741.1","-741.1","-741.1","-744.7","-744.7","-744.7"
"2","-712.9","-712.9","-712.9","-761.3","-761.3","-761.3"
"3","-820.4","-820.4","-820.4","-827.2","-827.2","-827.2"
"4","-816.4","-816.4","-816.4","-628","-628","-628"
"5","-823.1","-823.1","-823.1","-686.5","-686.5","-686.5"
"6","-715.6","-715.6","-715.6","-734.5","-734.5","-734.5"
"7","-766.9","-766.9","-766.9","-716.6","-716.6","-716.6"
"8","-746.1","-746.1","-746.1","-735.4","-735.4","-735.4"
"9","-771","-771","-771","-719.3","-719.3","-719.3"
"10","-740.2","-740.2","-740.2","-730.7","-730.7","-730.7"
"11","-683.1","-683.1","-683.1","-664.5","-664.5","-664.5"
"12","-758.6","-758.6","-758.6","-723.8","-723.8","-723.8"
"13","-681.9","-681.9","-681.9","-699.8","-699.8","-699.8"
"14","-649.3","-649.3","-649.3","-655.8","-655.8","-655.8"
"15","-723.1","-723.1","-723.1","-687.3","-687.3","-687.3"
"16","-714","-714","-714","-760.2","-760.2","-760.2"
"17","-741.1","-741.1","-741.1","-755.7","-755.7","-755.7"
"18","-624","-624","-624","-720.4","-720.4","-720.4"
"19","-649.6","-649.6","-649.6","-706.4","-706.4","-706.4"
"20","-758.6","-758.6","-758.6","-683","-683","-683"
"21","-754.2","-754.2","-754.2","-635.8","-635.8","-635.8"
"22","-805.8","-805.8","-805.8","-695.1","-695.1","-695.1"
"23","-703.8","-703.8","-703.8","-734.4","-734.4","-734.4"
"24","-699.6","-699.6","-699.6","-689.8","-689.8","-689.8"
"25","-773.1","-773.1","-773.1","-763.5","-763.5","-763.5"
"26","-742.6","-742.6","-742.6","-659.9","-659.9","-659.9"
"27","-711.7","-711.7","-711.7","-760.5","-760.5","-760.5"
"28","-617.6","-617.6","-617.6","-740.4","-740.4","-740.4"
"29","-673","-673","-673","-706.1","-706.1","-706.1"
"30","-738.5","-738.5","-738.5","-768","-768","-768"
"31","-697.3","-697.3","-697.3","-733.8","-733.8","-733.8"
"32","-694.2","-694.2","-694.2","-710.4","-710.4","-710.4"
"33","-702.8","-702.8","-702.8","-743.3","-743.3","-743.3"
"34","-732.1","-732.1","-732.1","-733","-733","-733"
"35","-757.3","-757.3","-757.3","-713.1","-713.1","-713.1"
"36","-774.4","-774.4","-774.4","-630.3","-630.3","-630.3"
"37","-623.4","-623.4","-623.4","-723.5","-723.5","-723.5"
"38","-684.8","-684.8","-684.8","-670.5","-670.5","-670.5"
"39","-746.5","-746.5","-746.5","-733.9","-733.9","-733.9"
"40","-707","-707","-707","-657.6","-657.6","-657.6"
"41","-710","-710","-710","-693.6","-693.6","-693.6"
"42","-709.1","-709.1","-709.1","-733.6","-733.6","-733.6"
"43","-659","-659","-659","-677.1","-677.1","-677.1"
"44","-715.1","-715.1","-715.1","-656.4","-656.4","-656.4"
"45","-658","-658","-658","-725.4","-725.4","-725.4"
"46","-688.7","-688.7","-688.7","-691.2","-691.2","-691.2"
"47","-693.3","-693.3","-693.3","-692.1","-692.1","-692.1"
"48","-687.2","-687.2","-687.2","-712.6","-712.6","-712.6"
"49","-750.6","-750.6","-750.6","-754.3","-754.3","-754.3"
"50","-785.1","-785.1","-785.1","-693.4","-693.4","-693.4"
"51","-609.8","-609.8","-609.8","-736.5","-736.5","-736.5"
"52","-655.4","-655.4","-655.4","-637.3","-637.3","-637.3"
"53","-714.4","-714.4","-714.4","-748","-748","-748"
"54","-689.5","-689.5","-689.5","-638.7","-638.7","-638.7"
"55","-712.6","-712.6","-712.6","-690.8","-690.8","-690.8"
"56","-767.5","-767.5","-767.5","-695.5","-695.5","-695.5"
"57","-691.4","-691.4","-691.4","-609.9","-609.9","-609.9"
"58","-742.1","-742.1","-742.1","-673.9","-673.9","-673.9"
"59","-753","-753","-753","-679.6","-679.6","-679.6"
"60","-665.6","-665.6","-665.6","-681.5","-681.5","-681.5"
"61","-692.6","-692.6","-692.6","-753.7","-753.7","-753.7"
"62","-776.1","-776.1","-776.1","-682.5","-682.5","-682.5"
"63","-712.3","-712.3","-712.3","-733.8","-733.8","-733.8"
"64","-694.7","-694.7","-694.7","-650.7","-650.7","-650.7"
"65","-633.4","-633.4","-633.4","-668.3","-668.3","-668.3"
"66","-749.4","-749.4","-749.4","-709.7","-709.7","-709.7"
"67","-767.1","-767.1","-767.1","-694.2","-694.2","-694.2"
"68","-744.7","-744.7","-744.7","-610.2","-610.2","-610.2"
"69","-671.4","-671.4","-671.4","-725.6","-725.6","-725.6"
"70","-700.5","-700.5","-700.5","-810.3","-810.3","-810.3"
"71","-674.8","-674.8","-674.8","-706.5","-706.5","-706.5"
"72","-679.1","-679.1","-679.1","-706.5","-706.5","-706.5"
"73","-701.2","-701.2","-701.2","-759.7","-759.7","-759.7"
"74","-740","-740","-740","-680.5","-680.5","-680.5"
"75","-581","-581","-581","-700.8","-700.8","-700.8"
"76","-757.1","-757.1","-757.1","-663","-663","-663"
"77","-696.8","-696.8","-696.8","-741.9","-741.9","-741.9"
"78","-601.4","-601.4","-601.4","-723.3","-723.3","-723.3"
"79","-670.5","-670.5","-670.5","-712.8","-712.8","-712.8"
"80","-729.6","-729.6","-729.6","-664.5","-664.5","-664.5"
"81","-707.5","-707.5","-707.5","-740.2","-740.2","-740.2"
"82","-683.2","-683.2","-683.2","-675.5","-675.5","-675.5"
"83","-734.9","-734.9","-734.9","-704","-704","-704"
"84","-793.2","-793.2","-793.2","-677.1","-677.1","-677.1"
"85","-804.5","-804.5","-804.5","-671.8","-671.8","-671.8"
"86","-722.1","-722.1","-722.1","-710.7","-710.7","-710.7"
"87","-732.3","-732.3","-732.3","-747.7","-747.7","-747.7"
"88","-618.8","-618.8","-618.8","-737.5","-737.5","-737.5"
"89","-665.2","-665.2","-665.2","-700.8","-700.8","-700.8"
"90","-680.9","-680.9","-680.9","-757.8","-757.8","-757.8"
"91","-756.1","-756.1","-756.1","-685.8","-685.8","-685.8"
"92","-737","-737","-737","-662.5","-662.5","-662.5"
"93","-703.9","-703.9","-703.9","-715.1","-715.1","-715.1"
"94","-679","-679","-679","-710.6","-710.6","-710.6"
"95","-704.6","-704.6","-704.6","-771","-771","-771"
"96","-708.6","-708.6","-708.6","-678.7","-678.7","-678.7"
"97","-561.8","-561.8","-561.8","-672.7","-672.7","-672.7"
"98","-631.1","-631.1","-631.1","-658.6","-658.6","-658.6"
"99","-660","-660","-660","-744.1","-744.1","-744.1"
"100","-693.4","-693.4","-693.4","-747.1","-747.1","-747.1"
"101","-768.8","-768.8","-768.8","-604.6","-604.6","-604.6"
"102","-717.3","-717.3","-717.3","-586.3","-586.3","-586.3"
"103","-626.6","-626.6","-626.6","-810.1","-810.1","-810.1"
"104","-753.9","-753.9","-753.9","-675.1","-675.1","-675.1"
"105","-719.8","-719.8","-719.8","-603","-603","-603"
"106","-638.5","-638.5","-638.5","-701.1","-701.1","-701.1"
"107","-708","-708","-708","-699.6","-699.6","-699.6"
"108","-726.2","-726.2","-726.2","-726.6","-726.6","-726.6"
"109","-705.9","-705.9","-705.9","-741.1","-741.1","-741.1"
"110","-802.1","-802.1","-802.1","-708.2","-708.2","-708.2"
"111","-660","-660","-660","-752.4","-752.4","-752.4"
"112","-662.8","-662.8","-662.8","-780.3","-780.3","-780.3"
"113","-704.4","-704.4","-704.4","-706.5","-706.5","-706.5"
"114","-775.2","-775.2","-775.2","-707.4","-707.4","-707.4"
"115","-724","-724","-724","-676.5","-676.5","-676.5"
"116","-706.4","-706.4","-706.4","-732","-732","-732"
"117","-727.3","-727.3","-727.3","-692.1","-692.1","-692.1"
"118","-647.4","-647.4","-647.4","-726","-726","-726"
"119","-667.7","-667.7","-667.7","-576.9","-576.9","-576.9"
"120","-636","-636","-636","-623.4","-623.4","-623.4"
"121","-634.3","-634.3","-634.3","-678.9","-678.9","-678.9"
"122","-811.7","-811.7","-811.7","-666.7","-666.7","-666.7"
"123","-769.1","-769.1","-769.1","-646.2","-646.2","-646.2"
"124","-748.5","-748.5","-748.5","-758.4","-758.4","-758.4"
"125","-691.1","-691.1","-691.1","-703.1","-703.1","-703.1"
"126","-786.5","-786.5","-786.5","-674.7","-674.7","-674.7"
"127","-808.5","-808.5","-808.5","-730.6","-730.6","-730.6"
"128","-673.8","-673.8","-673.8","-718.7","-718.7","-718.7"
"129","-720.1","-720.1","-720.1","-633.4","-633.4","-633.4"
"130","-724.6","-724.6","-724.6","-679.7","-679.7","-679.7"
"131","-786.4","-786.4","-786.4","-697.7","-697.7","-697.7"
"132","-673.2","-673.2","-673.2","-740.2","-740.2","-740.2"
"133","-766","-766","-766","-691","-691","-691"
"134","-751.8","-751.8","-751.8","-727.3","-727.3","-727.3"
"135","-641.9","-641.9","-641.9","-700.4","-700.4","-700.4"
"136","-705.9","-705.9","-705.9","-746.3","-746.3","-746.3"
"137","-604.1","-604.1","-604.1","-604.5","-604.5","-604.5"
"138","-651.7","-651.7","-651.7","-671.2","-671.2","-671.2"
"139","-707.1","-707.1","-707.1","-744.1","-744.1","-744.1"
"140","-756.6","-756.6","-756.6","-713.9","-713.9","-713.9"
"141","-702.6","-702.6","-702.6","-667","-667","-667"
"142","-749.8","-749.8","-749.8","-635.4","-635.4","-635.4"
"143","-650.3","-650.3","-650.3","-711.8","-711.8","-711.8"
"144","-722.8","-722.8","-722.8","-728","-728","-728"
"145","-727.7","-727.7","-727.7","-624.5","-624.5","-624.5"
"146","-688","-688","-688","-727.7","-727.7","-727.7"
"147","-658.5","-658.5","-658.5","-654.8","-654.8","-654.8"
"148","-663.4","-663.4","-663.4","-626.8","-626.8","-626.8"
"149","-700.3","-700.3","-700.3","-678.9","-678.9","-678.9"
"150","-720.2","-720.2","-720.2","-667.4","-667.4","-667.4"
"151","-680.9","-680.9","-680.9","-721.2","-721.2","-721.2"
"152","-633.1","-633.1","-633.1","-643.8","-643.8","-643.8"
"153","-701.3","-701.3","-701.3","-726.7","-726.7","-726.7"
"154","-642.9","-642.9","-642.9","-629.5","-629.5","-629.5"
"155","-659.6","-659.6","-659.6","-599.4","-599.4","-599.4"
"156","-611.6","-611.6","-611.6","-701.3","-701.3","-701.3"
"157","-676","-676","-676","-742.8","-742.8","-742.8"
"158","-645.4","-645.4","-645.4","-686.8","-686.8","-686.8"
"159","-698.3","-698.3","-698.3","-738.7","-738.7","-738.7"
"160","-598.5","-598.5","-598.5","-656","-656","-656"
"161","-643.1","-643.1","-643.1","-696.6","-696.6","-696.6"
"162","-697.2","-697.2","-697.2","-639.7","-639.7","-639.7"
"163","-679.9","-679.9","-679.9","-695.9","-695.9","-695.9"
"164","-660.7","-660.7","-660.7","-675.2","-675.2","-675.2"
"165","-645.3","-645.3","-645.3","-763.6","-763.6","-763.6"
"166","-697.9","-697.9","-697.9","-638.1","-638.1","-638.1"
"167","-761.4","-761.4","-761.4","-756.8","-756.8","-756.8"
"168","-699.7","-699.7","-699.7","-649.4","-649.4","-649.4"
"169","-717.2","-717.2","-717.2","-672.8","-672.8","-672.8"
"170","-611.1","-611.1","-611.1","-605.5","-605.5","-605.5"
"171","-607.1","-607.1","-607.1","-791.3","-791.3","-791.3"
"172","-670.5","-670.5","-670.5","-766.9","-766.9","-766.9"
"173","-647.4","-647.4","-647.4","-739.8","-739.8","-739.8"
"174","-684.5","-684.5","-684.5","-723.9","-723.9","-723.9"
"175","-664.7","-664.7","-664.7","-611.9","-611.9","-611.9"
"176","-672.9","-672.9","-672.9","-743.7","-743.7","-743.7"
"177","-732.1","-732.1","-732.1","-734.3","-734.3","-734.3"
"178","-645.4","-645.4","-645.4","-725.5","-725.5","-725.5"
"179","-681.8","-681.8","-681.8","-706.4","-706.4","-706.4"
"180","-614.3","-614.3","-614.3","-635.7","-635.7","-635.7"
"181","-781","-781","-781","-784.1","-784.1","-784.1"
"182","-629.5","-629.5","-629.5","-749.9","-749.9","-749.9"
"183","-655.1","-655.1","-655.1","-635.6","-635.6","-635.6"
"184","-649.3","-649.3","-649.3","-695.6","-695.6","-695.6"
"185","-764.7","-764.7","-764.7","-786.8","-786.8","-786.8"
"186","-711.6","-711.6","-711.6","-636.5","-636.5","-636.5"
"187","-630.8","-630.8","-630.8","-578.1","-578.1","-578.1"
"188","-675.7","-675.7","-675.7","-690.1","-690.1","-690.1"
"189","-674.7","-674.7","-674.7","-722.1","-722.1","-722.1"
"190","-651.7","-651.7","-651.7","-644.2","-644.2","-644.2"
"191","-733.2","-733.2","-733.2","-774.4","-774.4","-774.4"
"192","-701.6","-701.6","-701.6","-645.1","-645.1","-645.1"
"193","-587.3","-587.3","-587.3","-722.9","-722.9","-722.9"
"194","-700.9","-700.9","-700.9","-644.4","-644.4","-644.4"
"195","-742.1","-742.1","-742.1","-666.1","-666.1","-666.1"
"196","-635.4","-635.4","-635.4","-571.8","-571.8","-571.8"
"197","-615.5","-615.5","-615.5","-720.7","-720.7","-720.7"
"198","-621.9","-621.9","-621.9","-643.8","-643.8","-643.8"
"199","-668.1","-668.1","-668.1","-660.2","-660.2","-660.2"
"200","-692.4","-692.4","-692.4","-778.7","-778.7","-778.7"
"201","-634.7","-634.7","-634.7","-585.3","-585.3","-585.3"
"202","-566.2","-566.2","-566.2","-704.5","-704.5","-704.5"
"203","-665.9","-665.9","-665.9","-724.1","-724.1","-724.1"
"204","-673.5","-673.5","-673.5","-702.9","-702.9","-702.9"
"205","-595.9","-595.9","-595.9","-645.2","-645.2","-645.2"
"206","-658.7","-658.7","-658.7","-579","-579","-579"
"207","-686.2","-686.2","-686.2","-604.3","-604.3","-604.3"
"208","-612.9","-612.9","-612.9","-625.8","-625.8","-625.8"
"209","-596.8","-596.8","-596.8","-674.9","-674.9","-674.9"
"210","-670.8","-670.8","-670.8","-684","-684","-684"
"211","-701.1","-701.1","-701.1","-761.3","-761.3","-761.3"
"212","-626.6","-626.6","-626.6","-672.9","-672.9","-672.9"
"213","-660.4","-660.4","-660.4","-733.2","-733.2","-733.2"
"214","-626.9","-626.9","-626.9","-680.6","-680.6","-680.6"
"215","-671.4","-671.4","-671.4","-698.4","-698.4","-698.4"
"216","-617","-617","-617","-687.6","-687.6","-687.6"
"217","-641.8","-641.8","-641.8","-698.3","-698.3","-698.3"
"218","-654.3","-654.3","-654.3","-652.2","-652.2","-652.2"
"219","-608.8","-608.8","-608.8","-707.6","-707.6","-707.6"
"220","-595.3","-595.3","-595.3","-709.3","-709.3","-709.3"
"221","-632.9","-632.9","-632.9","-650","-650","-650"
"222","-624.1","-624.1","-624.1","-608","-608","-608"
"223","-633.2","-633.2","-633.2","-684.3","-684.3","-684.3"
"224","-580.4","-580.4","-580.4","-703","-703","-703"
"225","-588","-588","-588","-678.3","-678.3","-678.3"
"226","-581","-581","-581","-701.1","-701.1","-701.1"
"227","-609.6","-609.6","-609.6","-749","-749","-749"
"228","-660.3","-660.3","-660.3","-673","-673","-673"
"229","-591.3","-591.3","-591.3","-762.6","-762.6","-762.6"
"230","-615.9","-615.9","-615.9","-522.9","-522.9","-522.9"
"231","-548.2","-548.2","-548.2","-674.2","-674.2","-674.2"
"232","-677.6","-677.6","-677.6","-711.4","-711.4","-711.4"
"233","-750","-750","-750","-771.1","-771.1","-771.1"
"234","-598.4","-598.4","-598.4","-717.6","-717.6","-717.6"
"235","-632.5","-632.5","-632.5","-766.2","-766.2","-766.2"
"236","-548.6","-548.6","-548.6","-706.8","-706.8","-706.8"
"237","-559.2","-559.2","-559.2","-644.7","-644.7","-644.7"
"238","-574.1","-574.1","-574.1","-670.2","-670.2","-670.2"
"239","-696.8","-696.8","-696.8","-667.2","-667.2","-667.2"
"240","-626.5","-626.5","-626.5","-717.4","-717.4","-717.4"
"241","-650.7","-650.7","-650.7","-820.9","-820.9","-820.9"
"242","-700.1","-700.1","-700.1","-655.4","-655.4","-655.4"
"243","-557.5","-557.5","-557.5","-731","-731","-731"
"244","-555.4","-555.4","-555.4","-764.8","-764.8","-764.8"
"245","-611.9","-611.9","-611.9","-660.4","-660.4","-660.4"
"246","-619.1","-619.1","-619.1","-799.8","-799.8","-799.8"
"247","-548.5","-548.5","-548.5","-668.9","-668.9","-668.9"
"248","-523.1","-523.1","-523.1","-746.5","-746.5","-746.5"
"249","-656.1","-656.1","-656.1","-734.2","-734.2","-734.2"
"250","-565.6","-565.6","-565.6","-749.3","-749.3","-749.3"
"251","-597.1","-597.1","-597.1","-748.2","-748.2","-748.2"
"252","-600.9","-600.9","-600.9","-526.3","-526.3","-526.3"
"253","-606","-606","-606","-611.3","-611.3","-611.3"
"254","-607.3","-607.3","-607.3","-663.5","-663.5","-663.5"
"255","-571.4","-571.4","-571.4","-639.7","-639.7","-639.7"
"256","-567.7","-567.7","-567.7","-690.9","-690.9","-690.9"
"257","-588.6","-588.6","-588.6","-724.6","-724.6","-724.6"
"258","-667","-667","-667","-720.3","-720.3","-720.3"
"259","-614.8","-614.8","-614.8","-640.5","-640.5","-640.5"
"260","-635","-635","-635","-696.2","-696.2","-696.2"
"261","-657.6","-657.6","-657.6","-656.8","-656.8","-656.8"
"262","-594.4","-594.4","-594.4","-686.6","-686.6","-686.6"
"263","-539.6","-539.6","-539.6","-744.3","-744.3","-744.3"
"264","-588.8","-588.8","-588.8","-765.5","-765.5","-765.5"
"265","-530.5","-530.5","-530.5","-756.2","-756.2","-756.2"
"266","-558.6","-558.6","-558.6","-711.2","-711.2","-711.2"
"267","-578.8","-578.8","-578.8","-716.9","-716.9","-716.9"
"268","-625","-625","-625","-643","-643","-643"
"269","-525.7","-525.7","-525.7","-710.7","-710.7","-710.7"
"270","-659.3","-659.3","-659.3","-704.6","-704.6","-704.6"
"271","-542.7","-542.7","-542.7","-763.6","-763.6","-763.6"
"272","-513.8","-513.8","-513.8","-659.3","-659.3","-659.3"
"273","-608.4","-608.4","-608.4","-672","-672","-672"
"274","-584.1","-584.1","-584.1","-762.2","-762.2","-762.2"
"275","-660.1","-660.1","-660.1","-659.1","-659.1","-659.1"
"276","-607.8","-607.8","-607.8","-733.9","-733.9","-733.9"
"277","-573.3","-573.3","-573.3","-635.2","-635.2","-635.2"
"278","-643.2","-643.2","-643.2","-691.3","-691.3","-691.3"
"279","-575.8","-575.8","-575.8","-716.4","-716.4","-716.4"
"280","-605.8","-605.8","-605.8","-654.8","-654.8","-654.8"
"281","-588.2","-588.2","-588.2","-648.1","-648.1","-648.1"
"282","-541","-541","-541","-794.6","-794.6","-794.6"
"283","-546.4","-546.4","-546.4","-641","-641","-641"
"284","-530.5","-530.5","-530.5","-704.8","-704.8","-704.8"
"285","-615.2","-615.2","-615.2","-696.1","-696.1","-696.1"
"286","-622.5","-622.5","-622.5","-657.2","-657.2","-657.2"
"287","-655.4","-655.4","-655.4","-662","-662","-662"
"288","-631.6","-631.6","-631.6","-689.2","-689.2","-689.2"
"289","-507.5","-507.5","-507.5","-665","-665","-665"
"290","-619","-619","-619","-632.8","-632.8","-632.8"
"291","-559.7","-559.7","-559.7","-776.1","-776.1","-776.1"
"292","-556.2","-556.2","-556.2","-715.7","-715.7","-715.7"
"293","-533.5","-533.5","-533.5","-671.4","-671.4","-671.4"
"294","-541.5","-541.5","-541.5","-711.9","-711.9","-711.9"
"295","-601.8","-601.8","-601.8","-630.1","-630.1","-630.1"
"296","-495.2","-495.2","-495.2","-600.9","-600.9","-600.9"
"297","-605.8","-605.8","-605.8","-738.6","-738.6","-738.6"
"298","-512.7","-512.7","-512.7","-709","-709","-709"
"299","-534.6","-534.6","-534.6","-692.2","-692.2","-692.2"
"300","-562.2","-562.2","-562.2","-712","-712","-712"
"301","-565.8","-565.8","-565.8","-722.9","-722.9","-722.9"
"302","-583","-583","-583","-619.8","-619.8","-619.8"
"303","-446.3","-446.3","-446.3","-656.1","-656.1","-656.1"
"304","-536.7","-536.7","-536.7","-681.5","-681.5","-681.5"
"305","-591.5","-591.5","-591.5","-647.8","-647.8","-647.8"
"306","-547.1","-547.1","-547.1","-732.9","-732.9","-732.9"
"307","-564.5","-564.5","-564.5","-624.8","-624.8","-624.8"
"308","-591.5","-591.5","-591.5","-709.6","-709.6","-709.6"
"309","-579.1","-579.1","-579.1","-619.3","-619.3","-619.3"
"310","-506.7","-506.7","-506.7","-693.7","-693.7","-693.7"
"311","-624.5","-624.5","-624.5","-637.9","-637.9","-637.9"
"312","-648.3","-648.3","-648.3","-696.3","-696.3","-696.3"
"313","-662.9","-662.9","-662.9","-725.8","-725.8","-725.8"
"314","-660.2","-660.2","-660.2","-693","-693","-693"
"315","-580","-580","-580","-686.3","-686.3","-686.3"
"316","-609.5","-609.5","-609.5","-664.5","-664.5","-664.5"
"317","-615.3","-615.3","-615.3","-740.2","-740.2","-740.2"
"318","-562.5","-562.5","-562.5","-716","-716","-716"
"319","-542.3","-542.3","-542.3","-704.8","-704.8","-704.8"
"320","-522.2","-522.2","-522.2","-661.8","-661.8","-661.8"
"321","-624.9","-624.9","-624.9","-727.6","-727.6","-727.6"
"322","-596.4","-596.4","-596.4","-842.1","-842.1","-842.1"
"323","-504.5","-504.5","-504.5","-666.1","-666.1","-666.1"
"324","-546.2","-546.2","-546.2","-638.8","-638.8","-638.8"
"325","-557.1","-557.1","-557.1","-732.1","-732.1","-732.1"
"326","-520.1","-520.1","-520.1","-684.2","-684.2","-684.2"
"327","-603.1","-603.1","-603.1","-779.1","-779.1","-779.1"
"328","-565.6","-565.6","-565.6","-708","-708","-708"
"329","-561.3","-561.3","-561.3","-666.2","-666.2","-666.2"
"330","-523.2","-523.2","-523.2","-719","-719","-719"
"331","-562","-562","-562","-666.9","-666.9","-666.9"
"332","-533.4","-533.4","-533.4","-752.4","-752.4","-752.4"
"333","-606.2","-606.2","-606.2","-599.2","-599.2","-599.2"
"334","-581.9","-581.9","-581.9","-599.4","-599.4","-599.4"
"335","-528.5","-528.5","-528.5","-715","-715","-715"
"336","-566.5","-566.5","-566.5","-720.7","-720.7","-720.7"
"337","-564.3","-564.3","-564.3","-746.4","-746.4","-746.4"
"338","-570.7","-570.7","-570.7","-728.8","-728.8","-728.8"
"339","-572.6","-572.6","-572.6","-692.9","-692.9","-692.9"
"340","-550.7","-550.7","-550.7","-684.3","-684.3","-684.3"
"341","-543.9","-543.9","-543.9","-677.1","-677.1","-677.1"
"342","-504.2","-504.2","-504.2","-710.9","-710.9","-710.9"
"343","-557.4","-557.4","-557.4","-669.7","-669.7","-669.7"
"344","-541","-541","-541","-637.6","-637.6","-637.6"
"345","-576.5","-576.5","-576.5","-698.2","-698.2","-698.2"
"346","-541.4","-541.4","-541.4","-599.4","-599.4","-599.4"
"347","-530.3","-530.3","-530.3","-750.2","-750.2","-750.2"
"348","-533.4","-533.4","-533.4","-644.7","-644.7","-644.7"
"349","-501.1","-501.1","-501.1","-670","-670","-670"
"350","-584.4","-584.4","-584.4","-739.4","-739.4","-739.4"
"351","-580.4","-580.4","-580.4","-672","-672","-672"
"352","-617.2","-617.2","-617.2","-671.9","-671.9","-671.9"
"353","-597.3","-597.3","-597.3","-722","-722","-722"
"354","-533.8","-533.8","-533.8","-722.4","-722.4","-722.4"
"355","-593.8","-593.8","-593.8","-632.9","-632.9","-632.9"
"356","-541.8","-541.8","-541.8","-738.2","-738.2","-738.2"
"357","-569.2","-569.2","-569.2","-740.7","-740.7","-740.7"
"358","-606.6","-606.6","-606.6","-688.8","-688.8","-688.8"
"359","-487.4","-487.4","-487.4","-715.8","-715.8","-715.8"
"360","-578.2","-578.2","-578.2","-786.4","-786.4","-786.4"
"361","-583.6","-583.6","-583.6","-710.4","-710.4","-710.4"
"362","-454","-454","-454","-667.7","-667.7","-667.7"
"363","-482.4","-482.4","-482.4","-638.5","-638.5","-638.5"
"364","-494.4","-494.4","-494.4","-623.6","-623.6","-623.6"
"365","-564.8","-564.8","-564.8","-721.9","-721.9","-721.9"
"366","-537.6","-537.6","-537.6","-685.2","-685.2","-685.2"
"367","-572.7","-572.7","-572.7","-686.7","-686.7","-686.7"
"368","-466.1","-466.1","-466.1","-613.4","-613.4","-613.4"
"369","-554.7","-554.7","-554.7","-671.6","-671.6","-671.6"
"370","-542.4","-542.4","-542.4","-735.8","-735.8","-735.8"
"371","-528.3","-528.3","-528.3","-704.5","-704.5","-704.5"
"372","-551.8","-551.8","-551.8","-676.8","-676.8","-676.8"
"373","-600.9","-600.9","-600.9","-734","-734","-734"
"374","-521.2","-521.2","-521.2","-779.8","-779.8","-779.8"
"375","-555.7","-555.7","-555.7","-743.2","-743.2","-743.2"
"376","-539.2","-539.2","-539.2","-713.6","-713.6","-713.6"
"377","-540.9","-540.9","-540.9","-627.5","-627.5","-627.5"
"378","-497.4","-497.4","-497.4","-740.1","-740.1","-740.1"
"379","-612.2","-612.2","-612.2","-722.9","-722.9","-722.9"
"380","-522.9","-522.9","-522.9","-634.8","-634.8","-634.8"
"381","-596.2","-596.2","-596.2","-660.4","-660.4","-660.4"
"382","-429.3","-429.3","-429.3","-623.6","-623.6","-623.6"
"383","-547.7","-547.7","-547.7","-667.5","-667.5","-667.5"
"384","-511","-511","-511","-659.8","-659.8","-659.8"
"385","-565.4","-565.4","-565.4","-684.3","-684.3","-684.3"
"386","-537","-537","-537","-658.8","-658.8","-658.8"
"387","-571.9","-571.9","-571.9","-696.3","-696.3","-696.3"
"388","-600.3","-600.3","-600.3","-709.8","-709.8","-709.8"
"389","-520.6","-520.6","-520.6","-841","-841","-841"
"390","-585","-585","-585","-695.7","-695.7","-695.7"
"391","-492.4","-492.4","-492.4","-624.8","-624.8","-624.8"
"392","-559.7","-559.7","-559.7","-636.7","-636.7","-636.7"
"393","-624.8","-624.8","-624.8","-751.8","-751.8","-751.8"
"394","-541.3","-541.3","-541.3","-784.6","-784.6","-784.6"
"395","-599.3","-599.3","-599.3","-648.3","-648.3","-648.3"
"396","-504.8","-504.8","-504.8","-712.7","-712.7","-712.7"
"397","-471.3","-471.3","-471.3","-754.5","-754.5","-754.5"
"398","-520.2","-520.2","-520.2","-698","-698","-698"
"399","-525.9","-525.9","-525.9","-680.3","-680.3","-680.3"
"400","-580.1","-580.1","-580.1","-695.3","-695.3","-695.3"
"401","-560.1","-560.1","-560.1","-674.2","-674.2","-674.2"
"402","-480.3","-480.3","-480.3","-736.2","-736.2","-736.2"
"403","-593.9","-593.9","-593.9","-657.7","-657.7","-657.7"
"404","-562.9","-562.9","-562.9","-744.7","-744.7","-744.7"
"405","-530.1","-530.1","-530.1","-673.7","-673.7","-673.7"
"406","-536.7","-536.7","-536.7","-662.5","-662.5","-662.5"
"407","-465.7","-465.7","-465.7","-655.5","-655.5","-655.5"
"408","-540.8","-540.8","-540.8","-646","-646","-646"
"409","-514.8","-514.8","-514.8","-636.1","-636.1","-636.1"
"410","-540.9","-540.9","-540.9","-687","-687","-687"
"411","-554","-554","-554","-711.6","-711.6","-711.6"
"412","-581.6","-581.6","-581.6","-736.2","-736.2","-736.2"
"413","-514.4","-514.4","-514.4","-692.5","-692.5","-692.5"
"414","-566.7","-566.7","-566.7","-662.1","-662.1","-662.1"
"415","-633.7","-633.7","-633.7","-741.1","-741.1","-741.1"
"416","-527","-527","-527","-621.8","-621.8","-621.8"
"417","-608.8","-608.8","-608.8","-650","-650","-650"
"418","-510","-510","-510","-719.1","-719.1","-719.1"
"419","-552","-552","-552","-702","-702","-702"
"420","-555.8","-555.8","-555.8","-712.3","-712.3","-712.3"
"421","-512.7","-512.7","-512.7","-729.9","-729.9","-729.9"
"422","-546.3","-546.3","-546.3","-596.4","-596.4","-596.4"
"423","-562.4","-562.4","-562.4","-655.6","-655.6","-655.6"
"424","-534.5","-534.5","-534.5","-715","-715","-715"
"425","-508.5","-508.5","-508.5","-766.8","-766.8","-766.8"
"426","-589.5","-589.5","-589.5","-647.3","-647.3","-647.3"
"427","-552.8","-552.8","-552.8","-743.1","-743.1","-743.1"
"428","-524.8","-524.8","-524.8","-678.1","-678.1","-678.1"
"429","-522.4","-522.4","-522.4","-643.7","-643.7","-643.7"
"430","-550.9","-550.9","-550.9","-730.3","-730.3","-730.3"
"431","-530.2","-530.2","-530.2","-680","-680","-680"
"432","-531.6","-531.6","-531.6","-712.6","-712.6","-712.6"
"433","-546.9","-546.9","-546.9","-759.1","-759.1","-759.1"
"434","-548.6","-548.6","-548.6","-704","-704","-704"
"435","-569.9","-569.9","-569.9","-731.4","-731.4","-731.4"
"436","-544.7","-544.7","-544.7","-702.3","-702.3","-702.3"
"437","-567.6","-567.6","-567.6","-629","-629","-629"
"438","-516.6","-516.6","-516.6","-641","-641","-641"
"439","-498.4","-498.4","-498.4","-660.7","-660.7","-660.7"
"440","-449.4","-449.4","-449.4","-664.7","-664.7","-664.7"
"441","-528.3","-528.3","-528.3","-696.1","-696.1","-696.1"
"442","-565","-565","-565","-677.5","-677.5","-677.5"
"443","-519.5","-519.5","-519.5","-765.9","-765.9","-765.9"
"444","-501","-501","-501","-635.6","-635.6","-635.6"
"445","-515.3","-515.3","-515.3","-717.7","-717.7","-717.7"
"446","-547.3","-547.3","-547.3","-745.9","-745.9","-745.9"
"447","-538.4","-538.4","-538.4","-763","-763","-763"
"448","-553.2","-553.2","-553.2","-705.2","-705.2","-705.2"
"449","-624.6","-624.6","-624.6","-637.7","-637.7","-637.7"
"450","-488.3","-488.3","-488.3","-713.7","-713.7","-713.7"
"451","-523.7","-523.7","-523.7","-735.2","-735.2","-735.2"
"452","-508.8","-508.8","-508.8","-767.4","-767.4","-767.4"
"453","-516.5","-516.5","-516.5","-648.9","-648.9","-648.9"
"454","-502.7","-502.7","-502.7","-729.7","-729.7","-729.7"
"455","-559.6","-559.6","-559.6","-695.3","-695.3","-695.3"
"456","-525.6","-525.6","-525.6","-757.7","-757.7","-757.7"
"457","-483.5","-483.5","-483.5","-682.3","-682.3","-682.3"
"458","-562.8","-562.8","-562.8","-735","-735","-735"
"459","-483.1","-483.1","-483.1","-711","-711","-711"
"460","-514.1","-514.1","-514.1","-636.7","-636.7","-636.7"
"461","-532.6","-532.6","-532.6","-698.7","-698.7","-698.7"
"462","-440.3","-440.3","-440.3","-665","-665","-665"
"463","-576","-576","-576","-753","-753","-753"
"464","-515.1","-515.1","-515.1","-674.7","-674.7","-674.7"
"465","-539.4","-539.4","-539.4","-740.9","-740.9","-740.9"
"466","-472.7","-472.7","-472.7","-644.7","-644.7","-644.7"
"467","-556.3","-556.3","-556.3","-673.2","-673.2","-673.2"
"468","-487.6","-487.6","-487.6","-705.9","-705.9","-705.9"
"469","-565.6","-565.6","-565.6","-628.3","-628.3","-628.3"
"470","-588","-588","-588","-684.4","-684.4","-684.4"
"471","-544","-544","-544","-723.5","-723.5","-723.5"
"472","-484.2","-484.2","-484.2","-618.4","-618.4","-618.4"
"473","-501.6","-501.6","-501.6","-665.3","-665.3","-665.3"
"474","-601.8","-601.8","-601.8","-619.3","-619.3","-619.3"
"475","-541.2","-541.2","-541.2","-669","-669","-669"
"476","-528.7","-528.7","-528.7","-719.4","-719.4","-719.4"
"477","-515.7","-515.7","-515.7","-759.3","-759.3","-759.3"
"478","-517","-517","-517","-691","-691","-691"
"479","-513.2","-513.2","-513.2","-587.9","-587.9","-587.9"
"480","-483.1","-483.1","-483.1","-714.5","-714.5","-714.5"
"481","-544.6","-544.6","-544.6","-744.6","-744.6","-744.6"
"482","-526.8","-526.8","-526.8","-701.9","-701.9","-701.9"
"483","-488.3","-488.3","-488.3","-739.9","-739.9","-739.9"
"484","-497.9","-497.9","-497.9","-726.9","-726.9","-726.9"
"485","-528.9","-528.9","-528.9","-737.6","-737.6","-737.6"
"486","-546.7","-546.7","-546.7","-662.2","-662.2","-662.2"
"487","-524.2","-524.2","-524.2","-757.7","-757.7","-757.7"
"488","-580","-580","-580","-754.6","-754.6","-754.6"
"489","-555","-555","-555","-661.7","-661.7","-661.7"
"490","-545.6","-545.6","-545.6","-730.1","-730.1","-730.1"
"491","-475.1","-475.1","-475.1","-722.4","-722.4","-722.4"
"492","-503.5","-503.5","-503.5","-668.5","-668.5","-668.5"
"493","-570.2","-570.2","-570.2","-756.3","-756.3","-756.3"
"494","-625.5","-625.5","-625.5","-708.8","-708.8","-708.8"
"495","-560","-560","-560","-685.5","-685.5","-685.5"
"496","-530.6","-530.6","-530.6","-689.7","-689.7","-689.7"
"497","-470.1","-470.1","-470.1","-757.2","-757.2","-757.2"
"498","-484.8","-484.8","-484.8","-713.6","-713.6","-713.6"
"499","-541.9","-541.9","-541.9","-676","-676","-676"
"500","-485.3","-485.3","-485.3","-714.7","-714.7","-714.7"
"501","-606.6","-606.6","-606.6","-659.7","-659.7","-659.7"
"502","-486.8","-486.8","-486.8","-740.6","-740.6","-740.6"
"503","-519.1","-519.1","-519.1","-720.9","-720.9","-720.9"
"504","-502.1","-502.1","-502.1","-680.4","-680.4","-680.4"
"505","-526.5","-526.5","-526.5","-656","-656","-656"
"506","-592.3","-592.3","-592.3","-711","-711","-711"
"507","-466.4","-466.4","-466.4","-816.1","-816.1","-816.1"
"508","-471.7","-471.7","-471.7","-683.5","-683.5","-683.5"
"509","-576.8","-576.8","-576.8","-625.7","-625.7","-625.7"
"510","-559.9","-559.9","-559.9","-679.6","-679.6","-679.6"
"511","-507.9","-507.9","-507.9","-695.6","-695.6","-695.6"
"512","-525.4","-525.4","-525.4","-630.5","-630.5","-630.5"
"513","-530.5","-530.5","-530.5","-649","-649","-649"
"514","-625.1","-625.1","-625.1","-722.3","-722.3","-722.3"
"515","-519","-519","-519","-751.9","-751.9","-751.9"
"516","-519.7","-519.7","-519.7","-750","-750","-750"
"517","-550.1","-550.1","-550.1","-680.5","-680.5","-680.5"
"518","-481.3","-481.3","-481.3","-709.9","-709.9","-709.9"
"519","-483.2","-483.2","-483.2","-579.4","-579.4","-579.4"
"520","-458.4","-458.4","-458.4","-722","-722","-722"
"521","-523.3","-523.3","-523.3","-758.2","-758.2","-758.2"
"522","-547","-547","-547","-686.2","-686.2","-686.2"
"523","-469.7","-469.7","-469.7","-638.6","-638.6","-638.6"
"524","-499.8","-499.8","-499.8","-708.2","-708.2","-708.2"
"525","-515.5","-515.5","-515.5","-732.8","-732.8","-732.8"
"526","-490.2","-490.2","-490.2","-667","-667","-667"
"527","-468.3","-468.3","-468.3","-734.7","-734.7","-734.7"
"528","-441.5","-441.5","-441.5","-704.3","-704.3","-704.3"
"529","-447","-447","-447","-678.7","-678.7","-678.7"
"530","-482.4","-482.4","-482.4","-663.9","-663.9","-663.9"
"531","-484.8","-484.8","-484.8","-735.7","-735.7","-735.7"
"532","-585.3","-585.3","-585.3","-686.5","-686.5","-686.5"
"533","-571.1","-571.1","-571.1","-763.7","-763.7","-763.7"
"534","-531.9","-531.9","-531.9","-660.2","-660.2","-660.2"
"535","-519.1","-519.1","-519.1","-703.2","-703.2","-703.2"
"536","-496.6","-496.6","-496.6","-704","-704","-704"
"537","-525","-525","-525","-741.2","-741.2","-741.2"
"538","-574.9","-574.9","-574.9","-751.5","-751.5","-751.5"
"539","-491.3","-491.3","-491.3","-674.2","-674.2","-674.2"
"540","-430.7","-430.7","-430.7","-767.6","-767.6","-767.6"
"541","-513","-513","-513","-603.1","-603.1","-603.1"
"542","-598","-598","-598","-685.2","-685.2","-685.2"
"543","-536.4","-536.4","-536.4","-672.6","-672.6","-672.6"
"544","-550.6","-550.6","-550.6","-726.8","-726.8","-726.8"
"545","-533.3","-533.3","-533.3","-769.4","-769.4","-769.4"
"546","-507.8","-507.8","-507.8","-644","-644","-644"
"547","-526","-526","-526","-691.9","-691.9","-691.9"
"548","-507.3","-507.3","-507.3","-715.8","-715.8","-715.8"
"549","-461.1","-461.1","-461.1","-658.8","-658.8","-658.8"
"550","-485.3","-485.3","-485.3","-728.8","-728.8","-728.8"
"551","-510.9","-510.9","-510.9","-612.5","-612.5","-612.5"
"552","-524","-524","-524","-619.3","-619.3","-619.3"
"553","-574.8","-574.8","-574.8","-566.2","-566.2","-566.2"
"554","-542.4","-542.4","-542.4","-746.1","-746.1","-746.1"
"555","-454.6","-454.6","-454.6","-735","-735","-735"
"556","-493.3","-493.3","-493.3","-786.5","-786.5","-786.5"
"557","-490","-490","-490","-615.2","-615.2","-615.2"
"558","-534.2","-534.2","-534.2","-762.9","-762.9","-762.9"
"559","-495","-495","-495","-733.5","-733.5","-733.5"
"560","-564.5","-564.5","-564.5","-689.6","-689.6","-689.6"
"561","-516.1","-516.1","-516.1","-633.6","-633.6","-633.6"
"562","-523.7","-523.7","-523.7","-642.6","-642.6","-642.6"
"563","-469.3","-469.3","-469.3","-690.2","-690.2","-690.2"
"564","-504.2","-504.2","-504.2","-704.1","-704.1","-704.1"
"565","-537.9","-537.9","-537.9","-697.6","-697.6","-697.6"
"566","-441.8","-441.8","-441.8","-707.9","-707.9","-707.9"
"567","-519.3","-519.3","-519.3","-807","-807","-807"
"568","-490.3","-490.3","-490.3","-626.5","-626.5","-626.5"
"569","-483.5","-483.5","-483.5","-708.6","-708.6","-708.6"
"570","-514.6","-514.6","-514.6","-704","-704","-704"
"571","-554.9","-554.9","-554.9","-634.7","-634.7","-634.7"
"572","-516.1","-516.1","-516.1","-726.8","-726.8","-726.8"
"573","-536","-536","-536","-688.9","-688.9","-688.9"
"574","-527.7","-527.7","-527.7","-650.4","-650.4","-650.4"
"575","-565.1","-565.1","-565.1","-741.5","-741.5","-741.5"
"576","-548.3","-548.3","-548.3","-723.6","-723.6","-723.6"
"577","-513.1","-513.1","-513.1","-568.3","-568.3","-568.3"
"578","-478.9","-478.9","-478.9","-659.5","-659.5","-659.5"
"579","-503.9","-503.9","-503.9","-687.2","-687.2","-687.2"
"580","-475.4","-475.4","-475.4","-768.3","-768.3","-768.3"
"581","-538.3","-538.3","-538.3","-741","-741","-741"
"582","-511.4","-511.4","-511.4","-684.7","-684.7","-684.7"
"583","-485.7","-485.7","-485.7","-691.9","-691.9","-691.9"
"584","-543.6","-543.6","-543.6","-758.1","-758.1","-758.1"
"585","-484.4","-484.4","-484.4","-766.3","-766.3","-766.3"
"586","-521.7","-521.7","-521.7","-651.3","-651.3","-651.3"
"587","-549.7","-549.7","-549.7","-729.9","-729.9","-729.9"
"588","-454.7","-454.7","-454.7","-631.6","-631.6","-631.6"
"589","-512.6","-512.6","-512.6","-700.9","-700.9","-700.9"
"590","-437.8","-437.8","-437.8","-632.9","-632.9","-632.9"
"591","-544.3","-544.3","-544.3","-773.4","-773.4","-773.4"
"592","-507.5","-507.5","-507.5","-725.9","-725.9","-725.9"
"593","-467.5","-467.5","-467.5","-763.2","-763.2","-763.2"
"594","-462.6","-462.6","-462.6","-730.9","-730.9","-730.9"
"595","-566.2","-566.2","-566.2","-709.6","-709.6","-709.6"
"596","-469.3","-469.3","-469.3","-694.8","-694.8","-694.8"
"597","-493.2","-493.2","-493.2","-681.9","-681.9","-681.9"
"598","-574.5","-574.5","-574.5","-686.8","-686.8","-686.8"
"599","-502","-502","-502","-661.1","-661.1","-661.1"
"600","-478.7","-478.7","-478.7","-673.4","-673.4","-673.4"
"601","-473.4","-473.4","-473.4","-694","-694","-694"
"602","-526.1","-526.1","-526.1","-772.5","-772.5","-772.5"
"603","-491.8","-491.8","-491.8","-719.9","-719.9","-719.9"
"604","-491.2","-491.2","-491.2","-758.1","-758.1","-758.1"
"605","-513.3","-513.3","-513.3","-644.1","-644.1","-644.1"
"606","-584","-584","-584","-636.3","-636.3","-636.3"
"607","-503.3","-503.3","-503.3","-747.5","-747.5","-747.5"
"608","-524.6","-524.6","-524.6","-689.2","-689.2","-689.2"
"609","-503.5","-503.5","-503.5","-636.1","-636.1","-636.1"
"610","-511","-511","-511","-719.5","-719.5","-719.5"
"611","-497.2","-497.2","-497.2","-657.8","-657.8","-657.8"
"612","-498.2","-498.2","-498.2","-727.9","-727.9","-727.9"
"613","-535.2","-535.2","-535.2","-639.9","-639.9","-639.9"
"614","-493.9","-493.9","-493.9","-643","-643","-643"
"615","-529","-529","-529","-710.8","-710.8","-710.8"
"616","-479.1","-479.1","-479.1","-696.2","-696.2","-696.2"
"617","-427","-427","-427","-728","-728","-728"
"618","-468.2","-468.2","-468.2","-790.8","-790.8","-790.8"
"619","-523.5","-523.5","-523.5","-737.9","-737.9","-737.9"
"620","-511.7","-511.7","-511.7","-760.6","-760.6","-760.6"
"621","-574.6","-574.6","-574.6","-754.9","-754.9","-754.9"
"622","-464.8","-464.8","-464.8","-617.2","-617.2","-617.2"
"623","-509","-509","-509","-738.7","-738.7","-738.7"
"624","-522","-522","-522","-626","-626","-626"
"625","-571.5","-571.5","-571.5","-719","-719","-719"
"626","-511.2","-511.2","-511.2","-666.3","-666.3","-666.3"
"627","-551.1","-551.1","-551.1","-678.8","-678.8","-678.8"
"628","-543.6","-543.6","-543.6","-776.2","-776.2","-776.2"
"629","-536.3","-536.3","-536.3","-680.5","-680.5","-680.5"
"630","-546.4","-546.4","-546.4","-739.7","-739.7","-739.7"
"631","-530.6","-530.6","-530.6","-757.3","-757.3","-757.3"
"632","-519.7","-519.7","-519.7","-628.5","-628.5","-628.5"
"633","-491","-491","-491","-703.4","-703.4","-703.4"
"634","-542.7","-542.7","-542.7","-707.1","-707.1","-707.1"
"635","-564.5","-564.5","-564.5","-668.7","-668.7","-668.7"
"636","-454.6","-454.6","-454.6","-664.7","-664.7","-664.7"
"637","-469.3","-469.3","-469.3","-683.2","-683.2","-683.2"
"638","-504.4","-504.4","-504.4","-731.9","-731.9","-731.9"
"639","-562.7","-562.7","-562.7","-568.5","-568.5","-568.5"
"640","-537.6","-537.6","-537.6","-698.4","-698.4","-698.4"
"641","-480.6","-480.6","-480.6","-752.4","-752.4","-752.4"
"642","-475.9","-475.9","-475.9","-677.6","-677.6","-677.6"
"643","-563.1","-563.1","-563.1","-692.1","-692.1","-692.1"
"644","-480.4","-480.4","-480.4","-708.4","-708.4","-708.4"
"645","-517.5","-517.5","-517.5","-750.7","-750.7","-750.7"
"646","-470.1","-470.1","-470.1","-771.5","-771.5","-771.5"
"647","-528.4","-528.4","-528.4","-719.1","-719.1","-719.1"
"648","-594.9","-594.9","-594.9","-765.7","-765.7","-765.7"
"649","-471.2","-471.2","-471.2","-615.1","-615.1","-615.1"
"650","-480","-480","-480","-723.8","-723.8","-723.8"
"651","-514.9","-514.9","-514.9","-693.4","-693.4","-693.4"
"652","-462.8","-462.8","-462.8","-657","-657","-657"
"653","-510.6","-510.6","-510.6","-637","-637","-637"
"654","-483.4","-483.4","-483.4","-736","-736","-736"
"655","-516.2","-516.2","-516.2","-700.2","-700.2","-700.2"
"656","-461.1","-461.1","-461.1","-691","-691","-691"
"657","-579.3","-579.3","-579.3","-656.8","-656.8","-656.8"
"658","-532.2","-532.2","-532.2","-553.4","-553.4","-553.4"
"659","-415.4","-415.4","-415.4","-708.5","-708.5","-708.5"
"660","-533.3","-533.3","-533.3","-737.2","-737.2","-737.2"
"661","-476.9","-476.9","-476.9","-726.9","-726.9","-726.9"
"662","-505.2","-505.2","-505.2","-712.4","-712.4","-712.4"
"663","-542.1","-542.1","-542.1","-624.9","-624.9","-624.9"
"664","-484.3","-484.3","-484.3","-680","-680","-680"
"665","-522.6","-522.6","-522.6","-655.3","-655.3","-655.3"
"666","-628","-628","-628","-623","-623","-623"
"667","-445","-445","-445","-643.7","-643.7","-643.7"
"668","-520.7","-520.7","-520.7","-683.9","-683.9","-683.9"
"669","-495.8","-495.8","-495.8","-705.8","-705.8","-705.8"
"670","-521.8","-521.8","-521.8","-735.8","-735.8","-735.8"
"671","-544.7","-544.7","-544.7","-707.3","-707.3","-707.3"
"672","-479.6","-479.6","-479.6","-653.6","-653.6","-653.6"
"673","-432.5","-432.5","-432.5","-701.9","-701.9","-701.9"
"674","-524.1","-524.1","-524.1","-707.9","-707.9","-707.9"
"675","-486.6","-486.6","-486.6","-663.6","-663.6","-663.6"
"676","-541.5","-541.5","-541.5","-633.8","-633.8","-633.8"
"677","-481","-481","-481","-724.6","-724.6","-724.6"
"678","-524.5","-524.5","-524.5","-747.8","-747.8","-747.8"
"679","-431.8","-431.8","-431.8","-683.7","-683.7","-683.7"
"680","-517.5","-517.5","-517.5","-691.6","-691.6","-691.6"
"681","-519.9","-519.9","-519.9","-739.2","-739.2","-739.2"
"682","-521.9","-521.9","-521.9","-677.2","-677.2","-677.2"
"683","-526.6","-526.6","-526.6","-680.7","-680.7","-680.7"
"684","-539","-539","-539","-751.6","-751.6","-751.6"
"685","-607","-607","-607","-711.5","-711.5","-711.5"
"686","-554.9","-554.9","-554.9","-799.9","-799.9","-799.9"
"687","-514.9","-514.9","-514.9","-679.6","-679.6","-679.6"
"688","-552.7","-552.7","-552.7","-719.5","-719.5","-719.5"
"689","-469.9","-469.9","-469.9","-647.3","-647.3","-647.3"
"690","-443.5","-443.5","-443.5","-689.2","-689.2","-689.2"
"691","-542.4","-542.4","-542.4","-596.2","-596.2","-596.2"
"692","-522.6","-522.6","-522.6","-638.9","-638.9","-638.9"
"693","-532.2","-532.2","-532.2","-604.5","-604.5","-604.5"
"694","-525.8","-525.8","-525.8","-696.7","-696.7","-696.7"
"695","-573.1","-573.1","-573.1","-729","-729","-729"
"696","-423.5","-423.5","-423.5","-719.3","-719.3","-719.3"
"697","-510.2","-510.2","-510.2","-685.4","-685.4","-685.4"
"698","-497.5","-497.5","-497.5","-620.7","-620.7","-620.7"
"699","-537.8","-537.8","-537.8","-630.1","-630.1","-630.1"
"700","-491.8","-491.8","-491.8","-752.3","-752.3","-752.3"
"701","-499.5","-499.5","-499.5","-746.3","-746.3","-746.3"
"702","-465.8","-465.8","-465.8","-707.6","-707.6","-707.6"
"703","-572.5","-572.5","-572.5","-688.3","-688.3","-688.3"
"704","-512.4","-512.4","-512.4","-709","-709","-709"
"705","-495.2","-495.2","-495.2","-656.8","-656.8","-656.8"
"706","-489.9","-489.9","-489.9","-695","-695","-695"
"707","-474","-474","-474","-752.6","-752.6","-752.6"
"708","-520.5","-520.5","-520.5","-665.1","-665.1","-665.1"
"709","-551.3","-551.3","-551.3","-587.1","-587.1","-587.1"
"710","-525.8","-525.8","-525.8","-680.8","-680.8","-680.8"
"711","-548.3","-548.3","-548.3","-684","-684","-684"
"712","-430.3","-430.3","-430.3","-700.6","-700.6","-700.6"
"713","-511.1","-511.1","-511.1","-686.5","-686.5","-686.5"
"714","-480.2","-480.2","-480.2","-650.4","-650.4","-650.4"
"715","-545.8","-545.8","-545.8","-799","-799","-799"
"716","-556.9","-556.9","-556.9","-707.3","-707.3","-707.3"
"717","-523.4","-523.4","-523.4","-726.6","-726.6","-726.6"
"718","-452.2","-452.2","-452.2","-684","-684","-684"
"719","-510.3","-510.3","-510.3","-732.8","-732.8","-732.8"
"720","-435.7","-435.7","-435.7","-671.3","-671.3","-671.3"
"721","-555.4","-555.4","-555.4","-706.6","-706.6","-706.6"
"722","-460","-460","-460","-643.3","-643.3","-643.3"
"723","-506.8","-506.8","-506.8","-629.7","-629.7","-629.7"
"724","-563.4","-563.4","-563.4","-705.1","-705.1","-705.1"
"725","-543","-543","-543","-602.3","-602.3","-602.3"
"726","-519.6","-519.6","-519.6","-645.3","-645.3","-645.3"
"727","-516.1","-516.1","-516.1","-658.1","-658.1","-658.1"
"728","-519","-519","-519","-675.4","-675.4","-675.4"
"729","-486","-486","-486","-654.2","-654.2","-654.2"
"730","-515.4","-515.4","-515.4","-720.8","-720.8","-720.8"
"731","-500.8","-500.8","-500.8","-693.3","-693.3","-693.3"
"732","-484.6","-484.6","-484.6","-644.8","-644.8","-644.8"
"733","-570.2","-570.2","-570.2","-633.7","-633.7","-633.7"
"734","-509.1","-509.1","-509.1","-655.2","-655.2","-655.2"
"735","-427.9","-427.9","-427.9","-702.6","-702.6","-702.6"
"736","-506","-506","-506","-751.2","-751.2","-751.2"
"737","-519.9","-519.9","-519.9","-709.8","-709.8","-709.8"
"738","-515.1","-515.1","-515.1","-691.2","-691.2","-691.2"
"739","-487.7","-487.7","-487.7","-596.8","-596.8","-596.8"
"740","-485.2","-485.2","-485.2","-717.5","-717.5","-717.5"
"741","-558.4","-558.4","-558.4","-622.1","-622.1","-622.1"
"742","-500.4","-500.4","-500.4","-666.6","-666.6","-666.6"
"743","-519.8","-519.8","-519.8","-681.5","-681.5","-681.5"
"744","-518.6","-518.6","-518.6","-683.3","-683.3","-683.3"
"745","-535.7","-535.7","-535.7","-644.9","-644.9","-644.9"
"746","-549.5","-549.5","-549.5","-639.7","-639.7","-639.7"
"747","-438","-438","-438","-697.2","-697.2","-697.2"
"748","-424.9","-424.9","-424.9","-650.4","-650.4","-650.4"
"749","-553.8","-553.8","-553.8","-621.8","-621.8","-621.8"
"750","-535.8","-535.8","-535.8","-742.5","-742.5","-742.5"
"751","-483.9","-483.9","-483.9","-667.1","-667.1","-667.1"
"752","-552.3","-552.3","-552.3","-680.1","-680.1","-680.1"
"753","-510.7","-510.7","-510.7","-745.4","-745.4","-745.4"
"754","-513.5","-513.5","-513.5","-758","-758","-758"
"755","-512.2","-512.2","-512.2","-603.9","-603.9","-603.9"
"756","-520.8","-520.8","-520.8","-714.2","-714.2","-714.2"
"757","-518.3","-518.3","-518.3","-678.9","-678.9","-678.9"
"758","-467.1","-467.1","-467.1","-670.7","-670.7","-670.7"
"759","-532.2","-532.2","-532.2","-672.7","-672.7","-672.7"
"760","-507.3","-507.3","-507.3","-603.2","-603.2","-603.2"
"761","-560.8","-560.8","-560.8","-605.6","-605.6","-605.6"
"762","-487.7","-487.7","-487.7","-699.7","-699.7","-699.7"
"763","-490.3","-490.3","-490.3","-624.8","-624.8","-624.8"
"764","-533.1","-533.1","-533.1","-658.1","-658.1","-658.1"
"765","-543.3","-543.3","-543.3","-726.9","-726.9","-726.9"
"766","-542.8","-542.8","-542.8","-760.7","-760.7","-760.7"
"767","-502.6","-502.6","-502.6","-656.4","-656.4","-656.4"
"768","-563.4","-563.4","-563.4","-621.7","-621.7","-621.7"
"769","-509.8","-509.8","-509.8","-650.5","-650.5","-650.5"
"770","-524.6","-524.6","-524.6","-717.8","-717.8","-717.8"
"771","-571.5","-571.5","-571.5","-589.7","-589.7","-589.7"
"772","-520.4","-520.4","-520.4","-660.2","-660.2","-660.2"
"773","-519.2","-519.2","-519.2","-676.6","-676.6","-676.6"
"774","-574.1","-574.1","-574.1","-631.8","-631.8","-631.8"
"775","-535.2","-535.2","-535.2","-687","-687","-687"
"776","-499.3","-499.3","-499.3","-641.9","-641.9","-641.9"
"777","-494.3","-494.3","-494.3","-650","-650","-650"
"778","-460.9","-460.9","-460.9","-719.4","-719.4","-719.4"
"779","-554.8","-554.8","-554.8","-649.9","-649.9","-649.9"
"780","-474.8","-474.8","-474.8","-587.4","-587.4","-587.4"
"781","-483.2","-483.2","-483.2","-653.4","-653.4","-653.4"
"782","-528.9","-528.9","-528.9","-631.8","-631.8","-631.8"
"783","-544.5","-544.5","-544.5","-618.8","-618.8","-618.8"
"784","-533.8","-533.8","-533.8","-736.7","-736.7","-736.7"
"785","-520.1","-520.1","-520.1","-632.4","-632.4","-632.4"
"786","-554.3","-554.3","-554.3","-680.9","-680.9","-680.9"
"787","-478.4","-478.4","-478.4","-587.5","-587.5","-587.5"
"788","-533.3","-533.3","-533.3","-693.3","-693.3","-693.3"
"789","-494.4","-494.4","-494.4","-668.5","-668.5","-668.5"
"790","-534.6","-534.6","-534.6","-638.9","-638.9","-638.9"
"791","-586.2","-586.2","-586.2","-674.8","-674.8","-674.8"
"792","-568.2","-568.2","-568.2","-748.1","-748.1","-748.1"
"793","-505.1","-505.1","-505.1","-645.4","-645.4","-645.4"
"794","-572.3","-572.3","-572.3","-674.4","-674.4","-674.4"
"795","-526.9","-526.9","-526.9","-599.7","-599.7","-599.7"
"796","-535.5","-535.5","-535.5","-695.2","-695.2","-695.2"
"797","-506.5","-506.5","-506.5","-673.8","-673.8","-673.8"
"798","-463.9","-463.9","-463.9","-720.3","-720.3","-720.3"
"799","-469.6","-469.6","-469.6","-622.5","-622.5","-622.5"
"800","-480.1","-480.1","-480.1","-738","-738","-738"
"801","-471.6","-471.6","-471.6","-647.8","-647.8","-647.8"
"802","-509.9","-509.9","-509.9","-750.2","-750.2","-750.2"
"803","-526.1","-526.1","-526.1","-605.8","-605.8","-605.8"
"804","-483.7","-483.7","-483.7","-627.9","-627.9","-627.9"
"805","-454.1","-454.1","-454.1","-714.2","-714.2","-714.2"
"806","-499.2","-499.2","-499.2","-637.2","-637.2","-637.2"
"807","-573.6","-573.6","-573.6","-696.3","-696.3","-696.3"
"808","-558.8","-558.8","-558.8","-720.8","-720.8","-720.8"
"809","-509.7","-509.7","-509.7","-709.8","-709.8","-709.8"
"810","-527.6","-527.6","-527.6","-643.3","-643.3","-643.3"
"811","-525.7","-525.7","-525.7","-636.4","-636.4","-636.4"
"812","-463.8","-463.8","-463.8","-653.4","-653.4","-653.4"
"813","-536.8","-536.8","-536.8","-632.7","-632.7","-632.7"
"814","-575.6","-575.6","-575.6","-621.6","-621.6","-621.6"
"815","-485.5","-485.5","-485.5","-661.5","-661.5","-661.5"
"816","-528.5","-528.5","-528.5","-644.4","-644.4","-644.4"
"817","-474.3","-474.3","-474.3","-684.7","-684.7","-684.7"
"818","-495.1","-495.1","-495.1","-614.6","-614.6","-614.6"
"819","-537.7","-537.7","-537.7","-589.7","-589.7","-589.7"
"820","-521.6","-521.6","-521.6","-639.3","-639.3","-639.3"
"821","-493.5","-493.5","-493.5","-679.5","-679.5","-679.5"
"822","-494.9","-494.9","-494.9","-648.4","-648.4","-648.4"
"823","-463.8","-463.8","-463.8","-656.5","-656.5","-656.5"
"824","-499.4","-499.4","-499.4","-629.1","-629.1","-629.1"
"825","-468.4","-468.4","-468.4","-693.4","-693.4","-693.4"
"826","-498.3","-498.3","-498.3","-617.3","-617.3","-617.3"
"827","-526","-526","-526","-738.6","-738.6","-738.6"
"828","-545.2","-545.2","-545.2","-610.6","-610.6","-610.6"
"829","-502.7","-502.7","-502.7","-631","-631","-631"
"830","-452.3","-452.3","-452.3","-744.2","-744.2","-744.2"
"831","-517.4","-517.4","-517.4","-745.1","-745.1","-745.1"
"832","-521","-521","-521","-654.1","-654.1","-654.1"
"833","-467.7","-467.7","-467.7","-673.7","-673.7","-673.7"
"834","-468.5","-468.5","-468.5","-588.6","-588.6","-588.6"
"835","-526.7","-526.7","-526.7","-702.9","-702.9","-702.9"
"836","-523.3","-523.3","-523.3","-669.8","-669.8","-669.8"
"837","-468","-468","-468","-751.6","-751.6","-751.6"
"838","-500.4","-500.4","-500.4","-586.8","-586.8","-586.8"
"839","-501.7","-501.7","-501.7","-615.1","-615.1","-615.1"
"840","-509.1","-509.1","-509.1","-628.8","-628.8","-628.8"
"841","-502.6","-502.6","-502.6","-582.5","-582.5","-582.5"
"842","-587","-587","-587","-690.3","-690.3","-690.3"
"843","-498.8","-498.8","-498.8","-638.3","-638.3","-638.3"
"844","-534.3","-534.3","-534.3","-630","-630","-630"
"845","-506.4","-506.4","-506.4","-639.3","-639.3","-639.3"
"846","-535.2","-535.2","-535.2","-548.8","-548.8","-548.8"
"847","-543.6","-543.6","-543.6","-649","-649","-649"
"848","-548.2","-548.2","-548.2","-681.8","-681.8","-681.8"
"849","-536.4","-536.4","-536.4","-694.8","-694.8","-694.8"
"850","-525.1","-525.1","-525.1","-614.9","-614.9","-614.9"
"851","-494","-494","-494","-589.5","-589.5","-589.5"
"852","-448.2","-448.2","-448.2","-580.5","-580.5","-580.5"
"853","-555.5","-555.5","-555.5","-610.8","-610.8","-610.8"
"854","-500.6","-500.6","-500.6","-696.6","-696.6","-696.6"
"855","-533.7","-533.7","-533.7","-698.5","-698.5","-698.5"
"856","-500.1","-500.1","-500.1","-672.1","-672.1","-672.1"
"857","-512.5","-512.5","-512.5","-616.6","-616.6","-616.6"
"858","-456.5","-456.5","-456.5","-596.1","-596.1","-596.1"
"859","-513.9","-513.9","-513.9","-613.5","-613.5","-613.5"
"860","-556.6","-556.6","-556.6","-679.5","-679.5","-679.5"
"861","-503.4","-503.4","-503.4","-591.4","-591.4","-591.4"
"862","-508.8","-508.8","-508.8","-742.2","-742.2","-742.2"
"863","-582.1","-582.1","-582.1","-598.1","-598.1","-598.1"
"864","-485.6","-485.6","-485.6","-656.7","-656.7","-656.7"
"865","-513.8","-513.8","-513.8","-742.5","-742.5","-742.5"
"866","-469.7","-469.7","-469.7","-642.4","-642.4","-642.4"
"867","-559.4","-559.4","-559.4","-645.5","-645.5","-645.5"
"868","-527.7","-527.7","-527.7","-631","-631","-631"
"869","-485.5","-485.5","-485.5","-609.3","-609.3","-609.3"
"870","-489.1","-489.1","-489.1","-638.1","-638.1","-638.1"
"871","-515.7","-515.7","-515.7","-604.1","-604.1","-604.1"
"872","-474.3","-474.3","-474.3","-663.2","-663.2","-663.2"
"873","-486.8","-486.8","-486.8","-651.2","-651.2","-651.2"
"874","-460.7","-460.7","-460.7","-709.3","-709.3","-709.3"
"875","-483.8","-483.8","-483.8","-642","-642","-642"
"876","-436.2","-436.2","-436.2","-576.8","-576.8","-576.8"
"877","-459.2","-459.2","-459.2","-659.5","-659.5","-659.5"
"878","-505","-505","-505","-739.9","-739.9","-739.9"
"879","-553.8","-553.8","-553.8","-574.6","-574.6","-574.6"
"880","-532.6","-532.6","-532.6","-641","-641","-641"
"881","-539.5","-539.5","-539.5","-666","-666","-666"
"882","-530.7","-530.7","-530.7","-681.8","-681.8","-681.8"
"883","-531.6","-531.6","-531.6","-605.5","-605.5","-605.5"
"884","-476.1","-476.1","-476.1","-616","-616","-616"
"885","-568.3","-568.3","-568.3","-608","-608","-608"
"886","-464.6","-464.6","-464.6","-678","-678","-678"
"887","-462","-462","-462","-670.6","-670.6","-670.6"
"888","-589.7","-589.7","-589.7","-629.8","-629.8","-629.8"
"889","-487.6","-487.6","-487.6","-574.9","-574.9","-574.9"
"890","-492.3","-492.3","-492.3","-619.7","-619.7","-619.7"
"891","-525.2","-525.2","-525.2","-603.4","-603.4","-603.4"
"892","-571.6","-571.6","-571.6","-627.5","-627.5","-627.5"
"893","-458.2","-458.2","-458.2","-606.2","-606.2","-606.2"
"894","-440.5","-440.5","-440.5","-664.6","-664.6","-664.6"
"895","-449.9","-449.9","-449.9","-700.9","-700.9","-700.9"
"896","-523.3","-523.3","-523.3","-621.6","-621.6","-621.6"
"897","-480","-480","-480","-624","-624","-624"
"898","-537.1","-537.1","-537.1","-603.8","-603.8","-603.8"
"899","-492.6","-492.6","-492.6","-617.2","-617.2","-617.2"
"900","-520","-520","-520","-618.5","-618.5","-618.5"
"901","-500.7","-500.7","-500.7","-617.7","-617.7","-617.7"
"902","-461.3","-461.3","-461.3","-585.7","-585.7","-585.7"
"903","-461.2","-461.2","-461.2","-800.2","-800.2","-800.2"
"904","-525.2","-525.2","-525.2","-652.7","-652.7","-652.7"
"905","-475.5","-475.5","-475.5","-679.2","-679.2","-679.2"
"906","-456.8","-456.8","-456.8","-548.4","-548.4","-548.4"
"907","-453.1","-453.1","-453.1","-660.5","-660.5","-660.5"
"908","-568.3","-568.3","-568.3","-644.3","-644.3","-644.3"
"909","-456.8","-456.8","-456.8","-659.9","-659.9","-659.9"
"910","-424","-424","-424","-606","-606","-606"
"911","-547.2","-547.2","-547.2","-630.3","-630.3","-630.3"
"912","-511.8","-511.8","-511.8","-665","-665","-665"
"913","-491.8","-491.8","-491.8","-661.8","-661.8","-661.8"
"914","-466.4","-466.4","-466.4","-671","-671","-671"
"915","-493.8","-493.8","-493.8","-619.1","-619.1","-619.1"
"916","-485.4","-485.4","-485.4","-561.2","-561.2","-561.2"
"917","-464.2","-464.2","-464.2","-669.9","-669.9","-669.9"
"918","-459.9","-459.9","-459.9","-660.5","-660.5","-660.5"
"919","-461.1","-461.1","-461.1","-680.1","-680.1","-680.1"
"920","-511.7","-511.7","-511.7","-605.4","-605.4","-605.4"
"921","-533.5","-533.5","-533.5","-613.1","-613.1","-613.1"
"922","-496.8","-496.8","-496.8","-639.1","-639.1","-639.1"
"923","-454.1","-454.1","-454.1","-626.6","-626.6","-626.6"
"924","-577.1","-577.1","-577.1","-646.1","-646.1","-646.1"
"925","-460.9","-460.9","-460.9","-660.9","-660.9","-660.9"
"926","-554.6","-554.6","-554.6","-633.9","-633.9","-633.9"
"927","-534.2","-534.2","-534.2","-638.7","-638.7","-638.7"
"928","-467.3","-467.3","-467.3","-629.4","-629.4","-629.4"
"929","-561.4","-561.4","-561.4","-614.8","-614.8","-614.8"
"930","-555.4","-555.4","-555.4","-693.7","-693.7","-693.7"
"931","-458.9","-458.9","-458.9","-600.2","-600.2","-600.2"
"932","-472.5","-472.5","-472.5","-635.9","-635.9","-635.9"
"933","-424.2","-424.2","-424.2","-633.1","-633.1","-633.1"
"934","-494.4","-494.4","-494.4","-597.8","-597.8","-597.8"
"935","-544.5","-544.5","-544.5","-633.1","-633.1","-633.1"
"936","-475.7","-475.7","-475.7","-631.8","-631.8","-631.8"
"937","-474.4","-474.4","-474.4","-608","-608","-608"
"938","-528.6","-528.6","-528.6","-666.2","-666.2","-666.2"
"939","-503.8","-503.8","-503.8","-648.3","-648.3","-648.3"
"940","-480","-480","-480","-738.4","-738.4","-738.4"
"941","-465.3","-465.3","-465.3","-635.4","-635.4","-635.4"
"942","-517.9","-517.9","-517.9","-638.2","-638.2","-638.2"
"943","-553.5","-553.5","-553.5","-632.9","-632.9","-632.9"
"944","-505.7","-505.7","-505.7","-640","-640","-640"
"945","-470.9","-470.9","-470.9","-556.3","-556.3","-556.3"
"946","-522.2","-522.2","-522.2","-601.5","-601.5","-601.5"
"947","-530.3","-530.3","-530.3","-655.4","-655.4","-655.4"
"948","-510.8","-510.8","-510.8","-564.1","-564.1","-564.1"
"949","-481.9","-481.9","-481.9","-585.7","-585.7","-585.7"
"950","-493.9","-493.9","-493.9","-710.2","-710.2","-710.2"
"951","-514.4","-514.4","-514.4","-698.4","-698.4","-698.4"
"952","-547.7","-547.7","-547.7","-676.4","-676.4","-676.4"
"953","-514.6","-514.6","-514.6","-635.1","-635.1","-635.1"
"954","-461.7","-461.7","-461.7","-734.6","-734.6","-734.6"
"955","-508.6","-508.6","-508.6","-665.6","-665.6","-665.6"
"956","-547.3","-547.3","-547.3","-686","-686","-686"
"957","-493.8","-493.8","-493.8","-570.6","-570.6","-570.6"
"958","-484.9","-484.9","-484.9","-665.8","-665.8","-665.8"
"959","-515.5","-515.5","-515.5","-687.6","-687.6","-687.6"
"960","-454.4","-454.4","-454.4","-618.2","-618.2","-618.2"
"961","-475.3","-475.3","-475.3","-635.4","-635.4","-635.4"
"962","-496.8","-496.8","-496.8","-597.9","-597.9","-597.9"
"963","-466.9","-466.9","-466.9","-681","-681","-681"
"964","-515.3","-515.3","-515.3","-603.4","-603.4","-603.4"
"965","-458.1","-458.1","-458.1","-629.7","-629.7","-629.7"
"966","-503","-503","-503","-658.2","-658.2","-658.2"
"967","-432.7","-432.7","-432.7","-568.1","-568.1","-568.1"
"968","-451.8","-451.8","-451.8","-611.2","-611.2","-611.2"
"969","-465.3","-465.3","-465.3","-649","-649","-649"
"970","-491.6","-491.6","-491.6","-601","-601","-601"
"971","-503","-503","-503","-628.8","-628.8","-628.8"
"972","-438.5","-438.5","-438.5","-711","-711","-711"
"973","-447.1","-447.1","-447.1","-570.6","-570.6","-570.6"
"974","-510.6","-510.6","-510.6","-630.7","-630.7","-630.7"
"975","-425.6","-425.6","-425.6","-656.4","-656.4","-656.4"
"976","-551.3","-551.3","-551.3","-569.5","-569.5","-569.5"
"977","-495.5","-495.5","-495.5","-645.9","-645.9","-645.9"
"978","-504.3","-504.3","-504.3","-550.3","-550.3","-550.3"
"979","-500.4","-500.4","-500.4","-637.4","-637.4","-637.4"
"980","-485","-485","-485","-615","-615","-615"
"981","-514.2","-514.2","-514.2","-573","-573","-573"
"982","-496.5","-496.5","-496.5","-706.4","-706.4","-706.4"
"983","-503.4","-503.4","-503.4","-633.5","-633.5","-633.5"
"984","-529.6","-529.6","-529.6","-612.3","-612.3","-612.3"
"985","-493.7","-493.7","-493.7","-617.9","-617.9","-617.9"
"986","-514.7","-514.7","-514.7","-621.3","-621.3","-621.3"
"987","-457.5","-457.5","-457.5","-618.1","-618.1","-618.1"
"988","-434.6","-434.6","-434.6","-582.1","-582.1","-582.1"
"989","-571.2","-571.2","-571.2","-514.5","-514.5","-514.5"
"990","-456.5","-456.5","-456.5","-657","-657","-657"
"991","-455.5","-455.5","-455.5","-613.8","-613.8","-613.8"
"992","-439.5","-439.5","-439.5","-680.1","-680.1","-680.1"
"993","-503.8","-503.8","-503.8","-610.9","-610.9","-610.9"
"994","-502.1","-502.1","-502.1","-596.2","-596.2","-596.2"
"995","-498.8","-498.8","-498.8","-623.9","-623.9","-623.9"
"996","-568.3","-568.3","-568.3","-586.4","-586.4","-586.4"
"997","-512","-512","-512","-677.9","-677.9","-677.9"
"998","-542.5","-542.5","-542.5","-604.6","-604.6","-604.6"
"999","-496","-496","-496","-600.1","-600.1","-600.1"