"Step","mpe_mpe-large-spread-v2_ac_att_JAMMAS_1_allhave - episode_return","mpe_mpe-large-spread-v2_ac_att_JAMMAS_1_allhave - episode_return__MIN","mpe_mpe-large-spread-v2_ac_att_JAMMAS_1_allhave - episode_return__MAX","mpe_mpe-large-spread-v2_ac_att_JAMMAS_1_justentity - episode_return","mpe_mpe-large-spread-v2_ac_att_JAMMAS_1_justentity - episode_return__MIN","mpe_mpe-large-spread-v2_ac_att_JAMMAS_1_justentity - episode_return__MAX"
"0","-793.3","-793.3","-793.3","-688","-688","-688"
"1","-600.4","-600.4","-600.4","-696.1","-696.1","-696.1"
"2","-677.8","-677.8","-677.8","-716.8","-716.8","-716.8"
"3","-714.1","-714.1","-714.1","-697.8","-697.8","-697.8"
"4","-752.3","-752.3","-752.3","-714","-714","-714"
"5","-795.7","-795.7","-795.7","-659.8","-659.8","-659.8"
"6","-779.7","-779.7","-779.7","-676.9","-676.9","-676.9"
"7","-695.4","-695.4","-695.4","-632.7","-632.7","-632.7"
"8","-758.1","-758.1","-758.1","-705.9","-705.9","-705.9"
"9","-770.3","-770.3","-770.3","-769.2","-769.2","-769.2"
"10","-874.3","-874.3","-874.3","-731.4","-731.4","-731.4"
"11","-750.1","-750.1","-750.1","-677.1","-677.1","-677.1"
"12","-713.6","-713.6","-713.6","-705.9","-705.9","-705.9"
"13","-681.9","-681.9","-681.9","-634.8","-634.8","-634.8"
"14","-744","-744","-744","-830.9","-830.9","-830.9"
"15","-707.1","-707.1","-707.1","-613.2","-613.2","-613.2"
"16","-683.5","-683.5","-683.5","-756.1","-756.1","-756.1"
"17","-757.8","-757.8","-757.8","-687","-687","-687"
"18","-739.3","-739.3","-739.3","-647.5","-647.5","-647.5"
"19","-686.2","-686.2","-686.2","-726.6","-726.6","-726.6"
"20","-677.2","-677.2","-677.2","-714.4","-714.4","-714.4"
"21","-703.7","-703.7","-703.7","-687.3","-687.3","-687.3"
"22","-727.5","-727.5","-727.5","-696.9","-696.9","-696.9"
"23","-730.8","-730.8","-730.8","-741.3","-741.3","-741.3"
"24","-760.8","-760.8","-760.8","-750.3","-750.3","-750.3"
"25","-730.5","-730.5","-730.5","-713.8","-713.8","-713.8"
"26","-688.9","-688.9","-688.9","-675.3","-675.3","-675.3"
"27","-663.4","-663.4","-663.4","-607.2","-607.2","-607.2"
"28","-712.3","-712.3","-712.3","-677.5","-677.5","-677.5"
"29","-790.9","-790.9","-790.9","-753.7","-753.7","-753.7"
"30","-729.9","-729.9","-729.9","-716.4","-716.4","-716.4"
"31","-780.5","-780.5","-780.5","-712.3","-712.3","-712.3"
"32","-719","-719","-719","-682.6","-682.6","-682.6"
"33","-726","-726","-726","-646.5","-646.5","-646.5"
"34","-705.1","-705.1","-705.1","-655.5","-655.5","-655.5"
"35","-613.8","-613.8","-613.8","-677","-677","-677"
"36","-673.2","-673.2","-673.2","-743.1","-743.1","-743.1"
"37","-683","-683","-683","-747.1","-747.1","-747.1"
"38","-699.1","-699.1","-699.1","-651","-651","-651"
"39","-702.3","-702.3","-702.3","-779.8","-779.8","-779.8"
"40","-690.5","-690.5","-690.5","-691.7","-691.7","-691.7"
"41","-746.1","-746.1","-746.1","-618.7","-618.7","-618.7"
"42","-716.9","-716.9","-716.9","-732.7","-732.7","-732.7"
"43","-694.4","-694.4","-694.4","-766.3","-766.3","-766.3"
"44","-637.6","-637.6","-637.6","-654.2","-654.2","-654.2"
"45","-676.2","-676.2","-676.2","-726.8","-726.8","-726.8"
"46","-690.1","-690.1","-690.1","-633.8","-633.8","-633.8"
"47","-702.6","-702.6","-702.6","-710","-710","-710"
"48","-781.3","-781.3","-781.3","-700.9","-700.9","-700.9"
"49","-764.3","-764.3","-764.3","-644.2","-644.2","-644.2"
"50","-674.9","-674.9","-674.9","-735.2","-735.2","-735.2"
"51","-690.5","-690.5","-690.5","-718.5","-718.5","-718.5"
"52","-671.3","-671.3","-671.3","-705.2","-705.2","-705.2"
"53","-779.6","-779.6","-779.6","-666.2","-666.2","-666.2"
"54","-699.8","-699.8","-699.8","-743.3","-743.3","-743.3"
"55","-635.2","-635.2","-635.2","-724.9","-724.9","-724.9"
"56","-730.8","-730.8","-730.8","-675.1","-675.1","-675.1"
"57","-664.5","-664.5","-664.5","-635.5","-635.5","-635.5"
"58","-792","-792","-792","-753.7","-753.7","-753.7"
"59","-738.1","-738.1","-738.1","-642.1","-642.1","-642.1"
"60","-706.8","-706.8","-706.8","-724.9","-724.9","-724.9"
"61","-685","-685","-685","-796.5","-796.5","-796.5"
"62","-631","-631","-631","-674.4","-674.4","-674.4"
"63","-672.2","-672.2","-672.2","-763.6","-763.6","-763.6"
"64","-649.7","-649.7","-649.7","-747.1","-747.1","-747.1"
"65","-707.4","-707.4","-707.4","-669.5","-669.5","-669.5"
"66","-688.7","-688.7","-688.7","-680.9","-680.9","-680.9"
"67","-694.6","-694.6","-694.6","-658.3","-658.3","-658.3"
"68","-750","-750","-750","-648.4","-648.4","-648.4"
"69","-749.6","-749.6","-749.6","-717.3","-717.3","-717.3"
"70","-606.6","-606.6","-606.6","-717.1","-717.1","-717.1"
"71","-649.7","-649.7","-649.7","-701.8","-701.8","-701.8"
"72","-691.6","-691.6","-691.6","-695.8","-695.8","-695.8"
"73","-703","-703","-703","-696.7","-696.7","-696.7"
"74","-673.2","-673.2","-673.2","-715.7","-715.7","-715.7"
"75","-718.7","-718.7","-718.7","-689.4","-689.4","-689.4"
"76","-767.6","-767.6","-767.6","-673.3","-673.3","-673.3"
"77","-674","-674","-674","-726","-726","-726"
"78","-755.8","-755.8","-755.8","-701.6","-701.6","-701.6"
"79","-673.5","-673.5","-673.5","-753","-753","-753"
"80","-664.9","-664.9","-664.9","-679.7","-679.7","-679.7"
"81","-596.9","-596.9","-596.9","-733","-733","-733"
"82","-616.8","-616.8","-616.8","-738.2","-738.2","-738.2"
"83","-699.3","-699.3","-699.3","-708.5","-708.5","-708.5"
"84","-708.9","-708.9","-708.9","-676.8","-676.8","-676.8"
"85","-637.7","-637.7","-637.7","-734.9","-734.9","-734.9"
"86","-709.3","-709.3","-709.3","-757.4","-757.4","-757.4"
"87","-635.9","-635.9","-635.9","-786.2","-786.2","-786.2"
"88","-746.3","-746.3","-746.3","-626","-626","-626"
"89","-664.2","-664.2","-664.2","-635.5","-635.5","-635.5"
"90","-747.5","-747.5","-747.5","-754.2","-754.2","-754.2"
"91","-709.4","-709.4","-709.4","-680.9","-680.9","-680.9"
"92","-732.2","-732.2","-732.2","-757.5","-757.5","-757.5"
"93","-630.2","-630.2","-630.2","-691.5","-691.5","-691.5"
"94","-612.4","-612.4","-612.4","-779.3","-779.3","-779.3"
"95","-718.5","-718.5","-718.5","-551.3","-551.3","-551.3"
"96","-711.9","-711.9","-711.9","-756.1","-756.1","-756.1"
"97","-693.8","-693.8","-693.8","-773.2","-773.2","-773.2"
"98","-704.6","-704.6","-704.6","-640.6","-640.6","-640.6"
"99","-698.9","-698.9","-698.9","-782.9","-782.9","-782.9"
"100","-677.8","-677.8","-677.8","-669.4","-669.4","-669.4"
"101","-638.3","-638.3","-638.3","-751.9","-751.9","-751.9"
"102","-686.1","-686.1","-686.1","-710.9","-710.9","-710.9"
"103","-724.4","-724.4","-724.4","-686.4","-686.4","-686.4"
"104","-726.3","-726.3","-726.3","-761.6","-761.6","-761.6"
"105","-719.8","-719.8","-719.8","-676","-676","-676"
"106","-669.8","-669.8","-669.8","-669.1","-669.1","-669.1"
"107","-680.9","-680.9","-680.9","-722","-722","-722"
"108","-720.8","-720.8","-720.8","-623","-623","-623"
"109","-649.7","-649.7","-649.7","-746.1","-746.1","-746.1"
"110","-699.9","-699.9","-699.9","-665.8","-665.8","-665.8"
"111","-631.1","-631.1","-631.1","-731.1","-731.1","-731.1"
"112","-753.4","-753.4","-753.4","-629","-629","-629"
"113","-704.2","-704.2","-704.2","-684","-684","-684"
"114","-700.9","-700.9","-700.9","-713.5","-713.5","-713.5"
"115","-706.2","-706.2","-706.2","-753.5","-753.5","-753.5"
"116","-668.6","-668.6","-668.6","-686.8","-686.8","-686.8"
"117","-643.5","-643.5","-643.5","-699","-699","-699"
"118","-720.1","-720.1","-720.1","-714.1","-714.1","-714.1"
"119","-723.2","-723.2","-723.2","-715.1","-715.1","-715.1"
"120","-675.2","-675.2","-675.2","-733.8","-733.8","-733.8"
"121","-626.5","-626.5","-626.5","-715.3","-715.3","-715.3"
"122","-674.6","-674.6","-674.6","-643.4","-643.4","-643.4"
"123","-698","-698","-698","-717.8","-717.8","-717.8"
"124","-691.6","-691.6","-691.6","-712.2","-712.2","-712.2"
"125","-617.7","-617.7","-617.7","-621.2","-621.2","-621.2"
"126","-754.3","-754.3","-754.3","-691.9","-691.9","-691.9"
"127","-754.7","-754.7","-754.7","-689.2","-689.2","-689.2"
"128","-720.3","-720.3","-720.3","-686.9","-686.9","-686.9"
"129","-698.4","-698.4","-698.4","-758.5","-758.5","-758.5"
"130","-706.5","-706.5","-706.5","-697","-697","-697"
"131","-648.4","-648.4","-648.4","-782.1","-782.1","-782.1"
"132","-649.6","-649.6","-649.6","-646.1","-646.1","-646.1"
"133","-658.7","-658.7","-658.7","-695.3","-695.3","-695.3"
"134","-766.2","-766.2","-766.2","-677.2","-677.2","-677.2"
"135","-674.3","-674.3","-674.3","-714","-714","-714"
"136","-674.1","-674.1","-674.1","-725.4","-725.4","-725.4"
"137","-676.9","-676.9","-676.9","-692.5","-692.5","-692.5"
"138","-699.3","-699.3","-699.3","-710.1","-710.1","-710.1"
"139","-663.6","-663.6","-663.6","-683.6","-683.6","-683.6"
"140","-644.9","-644.9","-644.9","-732.2","-732.2","-732.2"
"141","-657.5","-657.5","-657.5","-626.2","-626.2","-626.2"
"142","-722.1","-722.1","-722.1","-731.8","-731.8","-731.8"
"143","-592.4","-592.4","-592.4","-656.4","-656.4","-656.4"
"144","-726.7","-726.7","-726.7","-754.5","-754.5","-754.5"
"145","-710.8","-710.8","-710.8","-779.5","-779.5","-779.5"
"146","-655.1","-655.1","-655.1","-654.8","-654.8","-654.8"
"147","-716.2","-716.2","-716.2","-656.2","-656.2","-656.2"
"148","-750","-750","-750","-752.9","-752.9","-752.9"
"149","-699.5","-699.5","-699.5","-676.5","-676.5","-676.5"
"150","-743.8","-743.8","-743.8","-763.6","-763.6","-763.6"
"151","-598.9","-598.9","-598.9","-636.4","-636.4","-636.4"
"152","-721.7","-721.7","-721.7","-666.8","-666.8","-666.8"
"153","-652.2","-652.2","-652.2","-733.6","-733.6","-733.6"
"154","-591.3","-591.3","-591.3","-627.3","-627.3","-627.3"
"155","-684.1","-684.1","-684.1","-746.2","-746.2","-746.2"
"156","-819.4","-819.4","-819.4","-708.3","-708.3","-708.3"
"157","-733.7","-733.7","-733.7","-693","-693","-693"
"158","-715.2","-715.2","-715.2","-719.1","-719.1","-719.1"
"159","-698.2","-698.2","-698.2","-742.7","-742.7","-742.7"
"160","-629.3","-629.3","-629.3","-694.1","-694.1","-694.1"
"161","-721","-721","-721","-697.8","-697.8","-697.8"
"162","-758.4","-758.4","-758.4","-729.4","-729.4","-729.4"
"163","-715","-715","-715","-710.8","-710.8","-710.8"
"164","-689.8","-689.8","-689.8","-669.5","-669.5","-669.5"
"165","-744.6","-744.6","-744.6","-739.8","-739.8","-739.8"
"166","-728.1","-728.1","-728.1","-605","-605","-605"
"167","-769.3","-769.3","-769.3","-684","-684","-684"
"168","-690.2","-690.2","-690.2","-777.5","-777.5","-777.5"
"169","-687.8","-687.8","-687.8","-778.6","-778.6","-778.6"
"170","-663.2","-663.2","-663.2","-786.5","-786.5","-786.5"
"171","-689.9","-689.9","-689.9","-702.6","-702.6","-702.6"
"172","-744.1","-744.1","-744.1","-705.5","-705.5","-705.5"
"173","-705.6","-705.6","-705.6","-724.3","-724.3","-724.3"
"174","-751.1","-751.1","-751.1","-631.8","-631.8","-631.8"
"175","-718.9","-718.9","-718.9","-676.1","-676.1","-676.1"
"176","-699.7","-699.7","-699.7","-711","-711","-711"
"177","-775.9","-775.9","-775.9","-660.1","-660.1","-660.1"
"178","-650.2","-650.2","-650.2","-703.5","-703.5","-703.5"
"179","-717.1","-717.1","-717.1","-664.9","-664.9","-664.9"
"180","-782.5","-782.5","-782.5","-710.5","-710.5","-710.5"
"181","-623","-623","-623","-752.6","-752.6","-752.6"
"182","-710.9","-710.9","-710.9","-760","-760","-760"
"183","-698.1","-698.1","-698.1","-620","-620","-620"
"184","-726.7","-726.7","-726.7","-658.2","-658.2","-658.2"
"185","-673.5","-673.5","-673.5","-693.4","-693.4","-693.4"
"186","-707.4","-707.4","-707.4","-795","-795","-795"
"187","-750.3","-750.3","-750.3","-742.5","-742.5","-742.5"
"188","-754","-754","-754","-631.6","-631.6","-631.6"
"189","-653.4","-653.4","-653.4","-807.7","-807.7","-807.7"
"190","-647.7","-647.7","-647.7","-766.1","-766.1","-766.1"
"191","-723.1","-723.1","-723.1","-669.9","-669.9","-669.9"
"192","-814.2","-814.2","-814.2","-745","-745","-745"
"193","-695.9","-695.9","-695.9","-637.1","-637.1","-637.1"
"194","-746.3","-746.3","-746.3","-733.1","-733.1","-733.1"
"195","-713.2","-713.2","-713.2","-738.2","-738.2","-738.2"
"196","-648.5","-648.5","-648.5","-803.2","-803.2","-803.2"
"197","-675.8","-675.8","-675.8","-717.8","-717.8","-717.8"
"198","-622.8","-622.8","-622.8","-675.8","-675.8","-675.8"
"199","-661.9","-661.9","-661.9","-640.3","-640.3","-640.3"
"200","-712","-712","-712","-655.9","-655.9","-655.9"
"201","-757.4","-757.4","-757.4","-650.5","-650.5","-650.5"
"202","-800","-800","-800","-779.6","-779.6","-779.6"
"203","-700.5","-700.5","-700.5","-686.6","-686.6","-686.6"
"204","-666.6","-666.6","-666.6","-719.1","-719.1","-719.1"
"205","-666.7","-666.7","-666.7","-720.9","-720.9","-720.9"
"206","-688.4","-688.4","-688.4","-644.4","-644.4","-644.4"
"207","-711.5","-711.5","-711.5","-685.7","-685.7","-685.7"
"208","-734.1","-734.1","-734.1","-638.2","-638.2","-638.2"
"209","-694.2","-694.2","-694.2","-628.2","-628.2","-628.2"
"210","-607.4","-607.4","-607.4","-771.1","-771.1","-771.1"
"211","-724.3","-724.3","-724.3","-600.1","-600.1","-600.1"
"212","-677","-677","-677","-711.9","-711.9","-711.9"
"213","-717.1","-717.1","-717.1","-683","-683","-683"
"214","-719","-719","-719","-694.5","-694.5","-694.5"
"215","-713.7","-713.7","-713.7","-709.4","-709.4","-709.4"
"216","-683.4","-683.4","-683.4","-736.2","-736.2","-736.2"
"217","-690.5","-690.5","-690.5","-709.7","-709.7","-709.7"
"218","-612.7","-612.7","-612.7","-624.4","-624.4","-624.4"
"219","-670.9","-670.9","-670.9","-702.6","-702.6","-702.6"
"220","-718.2","-718.2","-718.2","-734.7","-734.7","-734.7"
"221","-670.7","-670.7","-670.7","-687.8","-687.8","-687.8"
"222","-673.6","-673.6","-673.6","-610.9","-610.9","-610.9"
"223","-603.4","-603.4","-603.4","-624.8","-624.8","-624.8"
"224","-759.9","-759.9","-759.9","-744.9","-744.9","-744.9"
"225","-762.7","-762.7","-762.7","-782.2","-782.2","-782.2"
"226","-704","-704","-704","-742.5","-742.5","-742.5"
"227","-735.4","-735.4","-735.4","-815.3","-815.3","-815.3"
"228","-625.2","-625.2","-625.2","-774.3","-774.3","-774.3"
"229","-589.7","-589.7","-589.7","-730.5","-730.5","-730.5"
"230","-734.2","-734.2","-734.2","-788.8","-788.8","-788.8"
"231","-604.6","-604.6","-604.6","-636.1","-636.1","-636.1"
"232","-683.8","-683.8","-683.8","-692","-692","-692"
"233","-753.6","-753.6","-753.6","-600.6","-600.6","-600.6"
"234","-641.1","-641.1","-641.1","-759.4","-759.4","-759.4"
"235","-681.5","-681.5","-681.5","-662.7","-662.7","-662.7"
"236","-727.3","-727.3","-727.3","-637.6","-637.6","-637.6"
"237","-696.9","-696.9","-696.9","-584.5","-584.5","-584.5"
"238","-748.7","-748.7","-748.7","-810","-810","-810"
"239","-758.1","-758.1","-758.1","-561.3","-561.3","-561.3"
"240","-745.5","-745.5","-745.5","-706.5","-706.5","-706.5"
"241","-658","-658","-658","-604.2","-604.2","-604.2"
"242","-763.7","-763.7","-763.7","-734","-734","-734"
"243","-713.7","-713.7","-713.7","-636.4","-636.4","-636.4"
"244","-633.9","-633.9","-633.9","-681.2","-681.2","-681.2"
"245","-714.7","-714.7","-714.7","-774","-774","-774"
"246","-730","-730","-730","-765.3","-765.3","-765.3"
"247","-683.6","-683.6","-683.6","-603.8","-603.8","-603.8"
"248","-750.1","-750.1","-750.1","-728.6","-728.6","-728.6"
"249","-739.2","-739.2","-739.2","-756.8","-756.8","-756.8"
"250","-648.1","-648.1","-648.1","-660.8","-660.8","-660.8"
"251","-602.8","-602.8","-602.8","-750.6","-750.6","-750.6"
"252","-667.3","-667.3","-667.3","-587.7","-587.7","-587.7"
"253","-649.3","-649.3","-649.3","-661.6","-661.6","-661.6"
"254","-723.2","-723.2","-723.2","-669.5","-669.5","-669.5"
"255","-691.7","-691.7","-691.7","-711.8","-711.8","-711.8"
"256","-728","-728","-728","-697.7","-697.7","-697.7"
"257","-679.7","-679.7","-679.7","-691.8","-691.8","-691.8"
"258","-727.9","-727.9","-727.9","-745.1","-745.1","-745.1"
"259","-709.2","-709.2","-709.2","-660.3","-660.3","-660.3"
"260","-734.1","-734.1","-734.1","-611.6","-611.6","-611.6"
"261","-705.4","-705.4","-705.4","-695.6","-695.6","-695.6"
"262","-736.3","-736.3","-736.3","-667.3","-667.3","-667.3"
"263","-662.1","-662.1","-662.1","-735.5","-735.5","-735.5"
"264","-728.5","-728.5","-728.5","-769.1","-769.1","-769.1"
"265","-750.8","-750.8","-750.8","-683.6","-683.6","-683.6"
"266","-670.4","-670.4","-670.4","-657.6","-657.6","-657.6"
"267","-631.8","-631.8","-631.8","-714.5","-714.5","-714.5"
"268","-740.4","-740.4","-740.4","-679.4","-679.4","-679.4"
"269","-702.1","-702.1","-702.1","-702.9","-702.9","-702.9"
"270","-657.2","-657.2","-657.2","-608.7","-608.7","-608.7"
"271","-695.4","-695.4","-695.4","-765.1","-765.1","-765.1"
"272","-651.1","-651.1","-651.1","-713","-713","-713"
"273","-773.5","-773.5","-773.5","-671.6","-671.6","-671.6"
"274","-698.1","-698.1","-698.1","-690.4","-690.4","-690.4"
"275","-687.9","-687.9","-687.9","-673.9","-673.9","-673.9"
"276","-663.6","-663.6","-663.6","-683.3","-683.3","-683.3"
"277","-637.2","-637.2","-637.2","-677.3","-677.3","-677.3"
"278","-704.7","-704.7","-704.7","-613.5","-613.5","-613.5"
"279","-648.5","-648.5","-648.5","-677.3","-677.3","-677.3"
"280","-782.9","-782.9","-782.9","-677.8","-677.8","-677.8"
"281","-691.9","-691.9","-691.9","-588.8","-588.8","-588.8"
"282","-726.8","-726.8","-726.8","-643.6","-643.6","-643.6"
"283","-716.9","-716.9","-716.9","-649.5","-649.5","-649.5"
"284","-704.6","-704.6","-704.6","-758.9","-758.9","-758.9"
"285","-708.9","-708.9","-708.9","-699.7","-699.7","-699.7"
"286","-637.8","-637.8","-637.8","-720.3","-720.3","-720.3"
"287","-697.1","-697.1","-697.1","-705.8","-705.8","-705.8"
"288","-631.1","-631.1","-631.1","-658.3","-658.3","-658.3"
"289","-735.6","-735.6","-735.6","-629.9","-629.9","-629.9"
"290","-687.2","-687.2","-687.2","-704.2","-704.2","-704.2"
"291","-628.7","-628.7","-628.7","-613.5","-613.5","-613.5"
"292","-785.6","-785.6","-785.6","-726.3","-726.3","-726.3"
"293","-751.7","-751.7","-751.7","-655.4","-655.4","-655.4"
"294","-765.4","-765.4","-765.4","-684.1","-684.1","-684.1"
"295","-654.6","-654.6","-654.6","-677","-677","-677"
"296","-711.4","-711.4","-711.4","-667","-667","-667"
"297","-737.7","-737.7","-737.7","-663.3","-663.3","-663.3"
"298","-763.2","-763.2","-763.2","-673.5","-673.5","-673.5"
"299","-717.7","-717.7","-717.7","-666.7","-666.7","-666.7"
"300","-640.7","-640.7","-640.7","-638.2","-638.2","-638.2"
"301","-749.1","-749.1","-749.1","-553.4","-553.4","-553.4"
"302","-628.6","-628.6","-628.6","-708.8","-708.8","-708.8"
"303","-798.8","-798.8","-798.8","-719","-719","-719"
"304","-746.7","-746.7","-746.7","-601.9","-601.9","-601.9"
"305","-605.3","-605.3","-605.3","-674.1","-674.1","-674.1"
"306","-707.8","-707.8","-707.8","-600.1","-600.1","-600.1"
"307","-631.4","-631.4","-631.4","-766.2","-766.2","-766.2"
"308","-728.9","-728.9","-728.9","-724.6","-724.6","-724.6"
"309","-678.1","-678.1","-678.1","-626.9","-626.9","-626.9"
"310","-712.8","-712.8","-712.8","-719.9","-719.9","-719.9"
"311","-641.6","-641.6","-641.6","-626.5","-626.5","-626.5"
"312","-704.6","-704.6","-704.6","-653.9","-653.9","-653.9"
"313","-650.5","-650.5","-650.5","-542.3","-542.3","-542.3"
"314","-607.5","-607.5","-607.5","-713.3","-713.3","-713.3"
"315","-636.3","-636.3","-636.3","-718.4","-718.4","-718.4"
"316","-642.3","-642.3","-642.3","-676.3","-676.3","-676.3"
"317","-810.8","-810.8","-810.8","-635.9","-635.9","-635.9"
"318","-732.1","-732.1","-732.1","-720.6","-720.6","-720.6"
"319","-646.8","-646.8","-646.8","-620.1","-620.1","-620.1"
"320","-672.8","-672.8","-672.8","-684.6","-684.6","-684.6"
"321","-659.2","-659.2","-659.2","-671.3","-671.3","-671.3"
"322","-756.2","-756.2","-756.2","-629.2","-629.2","-629.2"
"323","-770","-770","-770","-632.7","-632.7","-632.7"
"324","-728.7","-728.7","-728.7","-725.3","-725.3","-725.3"
"325","-690.1","-690.1","-690.1","-674.9","-674.9","-674.9"
"326","-722.3","-722.3","-722.3","-712.8","-712.8","-712.8"
"327","-775.6","-775.6","-775.6","-621.1","-621.1","-621.1"
"328","-821.2","-821.2","-821.2","-694.1","-694.1","-694.1"
"329","-627","-627","-627","-730","-730","-730"
"330","-673.3","-673.3","-673.3","-581.2","-581.2","-581.2"
"331","-696.4","-696.4","-696.4","-667.8","-667.8","-667.8"
"332","-657.2","-657.2","-657.2","-615.1","-615.1","-615.1"
"333","-699.7","-699.7","-699.7","-702.9","-702.9","-702.9"
"334","-630.4","-630.4","-630.4","-644.6","-644.6","-644.6"
"335","-732.4","-732.4","-732.4","-581.3","-581.3","-581.3"
"336","-712.5","-712.5","-712.5","-606.1","-606.1","-606.1"
"337","-593.6","-593.6","-593.6","-715.4","-715.4","-715.4"
"338","-779.6","-779.6","-779.6","-646.3","-646.3","-646.3"
"339","-716","-716","-716","-644.3","-644.3","-644.3"
"340","-644.4","-644.4","-644.4","-753.5","-753.5","-753.5"
"341","-678.2","-678.2","-678.2","-712.3","-712.3","-712.3"
"342","-695.9","-695.9","-695.9","-676.9","-676.9","-676.9"
"343","-692.4","-692.4","-692.4","-648.8","-648.8","-648.8"
"344","-747.2","-747.2","-747.2","-694","-694","-694"
"345","-737.4","-737.4","-737.4","-659.2","-659.2","-659.2"
"346","-781.2","-781.2","-781.2","-671.7","-671.7","-671.7"
"347","-686","-686","-686","-602.8","-602.8","-602.8"
"348","-737.9","-737.9","-737.9","-673.1","-673.1","-673.1"
"349","-655.7","-655.7","-655.7","-640.7","-640.7","-640.7"
"350","-736.1","-736.1","-736.1","-640.7","-640.7","-640.7"
"351","-658.3","-658.3","-658.3","-658.7","-658.7","-658.7"
"352","-636.7","-636.7","-636.7","-614.9","-614.9","-614.9"
"353","-767.8","-767.8","-767.8","-641.3","-641.3","-641.3"
"354","-688.9","-688.9","-688.9","-674","-674","-674"
"355","-710.7","-710.7","-710.7","-721","-721","-721"
"356","-641.4","-641.4","-641.4","-647.8","-647.8","-647.8"
"357","-767.9","-767.9","-767.9","-734.2","-734.2","-734.2"
"358","-701.8","-701.8","-701.8","-671.1","-671.1","-671.1"
"359","-766.4","-766.4","-766.4","-645.4","-645.4","-645.4"
"360","-716.5","-716.5","-716.5","-587.6","-587.6","-587.6"
"361","-756","-756","-756","-774.4","-774.4","-774.4"
"362","-708.7","-708.7","-708.7","-615.4","-615.4","-615.4"
"363","-691.8","-691.8","-691.8","-649.4","-649.4","-649.4"
"364","-819.4","-819.4","-819.4","-558.9","-558.9","-558.9"
"365","-717.6","-717.6","-717.6","-574.1","-574.1","-574.1"
"366","-613.5","-613.5","-613.5","-548.3","-548.3","-548.3"
"367","-737.5","-737.5","-737.5","-643.9","-643.9","-643.9"
"368","-699","-699","-699","-688.4","-688.4","-688.4"
"369","-726.1","-726.1","-726.1","-662.6","-662.6","-662.6"
"370","-678","-678","-678","-660.3","-660.3","-660.3"
"371","-768.6","-768.6","-768.6","-647.4","-647.4","-647.4"
"372","-667.9","-667.9","-667.9","-626.7","-626.7","-626.7"
"373","-748.7","-748.7","-748.7","-676.6","-676.6","-676.6"
"374","-703.9","-703.9","-703.9","-651.8","-651.8","-651.8"
"375","-677.1","-677.1","-677.1","-623","-623","-623"
"376","-635.4","-635.4","-635.4","-652.6","-652.6","-652.6"
"377","-663.9","-663.9","-663.9","-591.4","-591.4","-591.4"
"378","-709.6","-709.6","-709.6","-626.6","-626.6","-626.6"
"379","-705.7","-705.7","-705.7","-601.1","-601.1","-601.1"
"380","-638.7","-638.7","-638.7","-654.2","-654.2","-654.2"
"381","-692.3","-692.3","-692.3","-633.5","-633.5","-633.5"
"382","-641.1","-641.1","-641.1","-579.3","-579.3","-579.3"
"383","-665.1","-665.1","-665.1","-601.2","-601.2","-601.2"
"384","-703.8","-703.8","-703.8","-635.9","-635.9","-635.9"
"385","-669.1","-669.1","-669.1","-698.1","-698.1","-698.1"
"386","-645.9","-645.9","-645.9","-636.4","-636.4","-636.4"
"387","-781.1","-781.1","-781.1","-674","-674","-674"
"388","-653.8","-653.8","-653.8","-691.3","-691.3","-691.3"
"389","-645.5","-645.5","-645.5","-591.1","-591.1","-591.1"
"390","-741.5","-741.5","-741.5","-553.4","-553.4","-553.4"
"391","-677.8","-677.8","-677.8","-648","-648","-648"
"392","-716.8","-716.8","-716.8","-684","-684","-684"
"393","-734.3","-734.3","-734.3","-598","-598","-598"
"394","-804","-804","-804","-650.5","-650.5","-650.5"
"395","-630.6","-630.6","-630.6","-555","-555","-555"
"396","-773.5","-773.5","-773.5","-595.2","-595.2","-595.2"
"397","-737.8","-737.8","-737.8","-547","-547","-547"
"398","-660.4","-660.4","-660.4","-532.9","-532.9","-532.9"
"399","-618.2","-618.2","-618.2","-642.1","-642.1","-642.1"
"400","-713.5","-713.5","-713.5","-692.2","-692.2","-692.2"
"401","-698.8","-698.8","-698.8","-667.8","-667.8","-667.8"
"402","-677.3","-677.3","-677.3","-638.1","-638.1","-638.1"
"403","-721.4","-721.4","-721.4","-570.3","-570.3","-570.3"
"404","-720","-720","-720","-568.1","-568.1","-568.1"
"405","-640","-640","-640","-624.8","-624.8","-624.8"
"406","-720.6","-720.6","-720.6","-662","-662","-662"
"407","-680.9","-680.9","-680.9","-696.1","-696.1","-696.1"
"408","-661.6","-661.6","-661.6","-573.5","-573.5","-573.5"
"409","-729","-729","-729","-658.6","-658.6","-658.6"
"410","-666.6","-666.6","-666.6","-532.2","-532.2","-532.2"
"411","-714","-714","-714","-637.3","-637.3","-637.3"
"412","-707.8","-707.8","-707.8","-615.6","-615.6","-615.6"
"413","-724.7","-724.7","-724.7","-586.6","-586.6","-586.6"
"414","-662.2","-662.2","-662.2","-592","-592","-592"
"415","-668.6","-668.6","-668.6","-702.9","-702.9","-702.9"
"416","-775.4","-775.4","-775.4","-602.9","-602.9","-602.9"
"417","-667.8","-667.8","-667.8","-581.7","-581.7","-581.7"
"418","-725.3","-725.3","-725.3","-678.6","-678.6","-678.6"
"419","-600.4","-600.4","-600.4","-539.7","-539.7","-539.7"
"420","-730.6","-730.6","-730.6","-547.5","-547.5","-547.5"
"421","-718.8","-718.8","-718.8","-584.5","-584.5","-584.5"
"422","-775.3","-775.3","-775.3","-606.6","-606.6","-606.6"
"423","-699.8","-699.8","-699.8","-673.6","-673.6","-673.6"
"424","-692.6","-692.6","-692.6","-627.2","-627.2","-627.2"
"425","-663.3","-663.3","-663.3","-684.5","-684.5","-684.5"
"426","-717.6","-717.6","-717.6","-603.9","-603.9","-603.9"
"427","-791","-791","-791","-653.6","-653.6","-653.6"
"428","-718.4","-718.4","-718.4","-581.6","-581.6","-581.6"
"429","-610.8","-610.8","-610.8","-671.7","-671.7","-671.7"
"430","-676.2","-676.2","-676.2","-608.3","-608.3","-608.3"
"431","-630.2","-630.2","-630.2","-612","-612","-612"
"432","-747.6","-747.6","-747.6","-607.5","-607.5","-607.5"
"433","-758.1","-758.1","-758.1","-617.8","-617.8","-617.8"
"434","-734.2","-734.2","-734.2","-665.3","-665.3","-665.3"
"435","-696.1","-696.1","-696.1","-572.3","-572.3","-572.3"
"436","-731","-731","-731","-607.8","-607.8","-607.8"
"437","-618.9","-618.9","-618.9","-688.5","-688.5","-688.5"
"438","-672.7","-672.7","-672.7","-653.9","-653.9","-653.9"
"439","-745.1","-745.1","-745.1","-580.5","-580.5","-580.5"
"440","-745.4","-745.4","-745.4","-598","-598","-598"
"441","-665.7","-665.7","-665.7","-641","-641","-641"
"442","-678.3","-678.3","-678.3","-582.3","-582.3","-582.3"
"443","-675.4","-675.4","-675.4","-603.9","-603.9","-603.9"
"444","-629","-629","-629","-620","-620","-620"
"445","-708.5","-708.5","-708.5","-584.8","-584.8","-584.8"
"446","-745.3","-745.3","-745.3","-532.7","-532.7","-532.7"
"447","-663.1","-663.1","-663.1","-591","-591","-591"
"448","-688.9","-688.9","-688.9","-638.7","-638.7","-638.7"
"449","-745.2","-745.2","-745.2","-557.8","-557.8","-557.8"
"450","-625.7","-625.7","-625.7","-653.9","-653.9","-653.9"
"451","-720.2","-720.2","-720.2","-637.9","-637.9","-637.9"
"452","-705.2","-705.2","-705.2","-646.1","-646.1","-646.1"
"453","-700","-700","-700","-699.5","-699.5","-699.5"
"454","-756.3","-756.3","-756.3","-567.8","-567.8","-567.8"
"455","-578.4","-578.4","-578.4","-631.6","-631.6","-631.6"
"456","-676.2","-676.2","-676.2","-639.4","-639.4","-639.4"
"457","-693.4","-693.4","-693.4","-645.2","-645.2","-645.2"
"458","-635.2","-635.2","-635.2","-645.7","-645.7","-645.7"
"459","-661.8","-661.8","-661.8","-614.2","-614.2","-614.2"
"460","-696.1","-696.1","-696.1","-569.8","-569.8","-569.8"
"461","-758.4","-758.4","-758.4","-596.7","-596.7","-596.7"
"462","-660.8","-660.8","-660.8","-684.6","-684.6","-684.6"
"463","-619.7","-619.7","-619.7","-626.6","-626.6","-626.6"
"464","-674.5","-674.5","-674.5","-637.8","-637.8","-637.8"
"465","-703.5","-703.5","-703.5","-581.1","-581.1","-581.1"
"466","-654.3","-654.3","-654.3","-530.1","-530.1","-530.1"
"467","-678.7","-678.7","-678.7","-516.9","-516.9","-516.9"
"468","-715.8","-715.8","-715.8","-634","-634","-634"
"469","-717.1","-717.1","-717.1","-632.5","-632.5","-632.5"
"470","-754.1","-754.1","-754.1","-582.3","-582.3","-582.3"
"471","-674.1","-674.1","-674.1","-486.6","-486.6","-486.6"
"472","-667.7","-667.7","-667.7","-513.1","-513.1","-513.1"
"473","-801.6","-801.6","-801.6","-515.9","-515.9","-515.9"
"474","-737.7","-737.7","-737.7","-552.9","-552.9","-552.9"
"475","-722.1","-722.1","-722.1","-584.9","-584.9","-584.9"
"476","-665.1","-665.1","-665.1","-568","-568","-568"
"477","-756.1","-756.1","-756.1","-549.9","-549.9","-549.9"
"478","-660.7","-660.7","-660.7","-663.5","-663.5","-663.5"
"479","-703.8","-703.8","-703.8","-609.1","-609.1","-609.1"
"480","-779","-779","-779","-622","-622","-622"
"481","-677.6","-677.6","-677.6","-611.1","-611.1","-611.1"
"482","-674.5","-674.5","-674.5","-594.1","-594.1","-594.1"
"483","-625.7","-625.7","-625.7","-572.8","-572.8","-572.8"
"484","-624.6","-624.6","-624.6","-678.8","-678.8","-678.8"
"485","-606.6","-606.6","-606.6","-594.8","-594.8","-594.8"
"486","-672.1","-672.1","-672.1","-531.9","-531.9","-531.9"
"487","-675.1","-675.1","-675.1","-638","-638","-638"
"488","-686.1","-686.1","-686.1","-649","-649","-649"
"489","-760.7","-760.7","-760.7","-593.9","-593.9","-593.9"
"490","-769.2","-769.2","-769.2","-605.1","-605.1","-605.1"
"491","-674.6","-674.6","-674.6","-552.3","-552.3","-552.3"
"492","-633.7","-633.7","-633.7","-660","-660","-660"
"493","-723.7","-723.7","-723.7","-655.9","-655.9","-655.9"
"494","-641.5","-641.5","-641.5","-622.1","-622.1","-622.1"
"495","-628.9","-628.9","-628.9","-567.6","-567.6","-567.6"
"496","-695.4","-695.4","-695.4","-528","-528","-528"
"497","-686.8","-686.8","-686.8","-591.4","-591.4","-591.4"
"498","-690","-690","-690","-581.3","-581.3","-581.3"
"499","-691.4","-691.4","-691.4","-561.5","-561.5","-561.5"
"500","-614.1","-614.1","-614.1","-561","-561","-561"
"501","-672.1","-672.1","-672.1","-586.8","-586.8","-586.8"
"502","-688.8","-688.8","-688.8","-560.9","-560.9","-560.9"
"503","-720.1","-720.1","-720.1","-634.7","-634.7","-634.7"
"504","-666.7","-666.7","-666.7","-569.6","-569.6","-569.6"
"505","-687.4","-687.4","-687.4","-593","-593","-593"
"506","-660.7","-660.7","-660.7","-514.5","-514.5","-514.5"
"507","-622.6","-622.6","-622.6","-634.6","-634.6","-634.6"
"508","-750.2","-750.2","-750.2","-662.8","-662.8","-662.8"
"509","-597.9","-597.9","-597.9","-571.4","-571.4","-571.4"
"510","-686.4","-686.4","-686.4","-563.8","-563.8","-563.8"
"511","-594.8","-594.8","-594.8","-644.3","-644.3","-644.3"
"512","-702","-702","-702","-591.6","-591.6","-591.6"
"513","-755","-755","-755","-620.1","-620.1","-620.1"
"514","-606.9","-606.9","-606.9","-531.6","-531.6","-531.6"
"515","-716.2","-716.2","-716.2","-673.4","-673.4","-673.4"
"516","-669.5","-669.5","-669.5","-541.5","-541.5","-541.5"
"517","-663.2","-663.2","-663.2","-730.2","-730.2","-730.2"
"518","-689.5","-689.5","-689.5","-658.9","-658.9","-658.9"
"519","-707.3","-707.3","-707.3","-574.6","-574.6","-574.6"
"520","-680","-680","-680","-563.1","-563.1","-563.1"
"521","-641.4","-641.4","-641.4","-631","-631","-631"
"522","-698.8","-698.8","-698.8","-656.9","-656.9","-656.9"
"523","-608.2","-608.2","-608.2","-642.8","-642.8","-642.8"
"524","-697","-697","-697","-657.6","-657.6","-657.6"
"525","-683.4","-683.4","-683.4","-531.7","-531.7","-531.7"
"526","-746.8","-746.8","-746.8","-542.7","-542.7","-542.7"
"527","-688.5","-688.5","-688.5","-610.6","-610.6","-610.6"
"528","-644.2","-644.2","-644.2","-566","-566","-566"
"529","-635.7","-635.7","-635.7","-568.7","-568.7","-568.7"
"530","-652.9","-652.9","-652.9","-564.7","-564.7","-564.7"
"531","-713.8","-713.8","-713.8","-595.3","-595.3","-595.3"
"532","-639.5","-639.5","-639.5","-593","-593","-593"
"533","-647.4","-647.4","-647.4","-567.3","-567.3","-567.3"
"534","-706.6","-706.6","-706.6","-683.1","-683.1","-683.1"
"535","-609.4","-609.4","-609.4","-622","-622","-622"
"536","-638.2","-638.2","-638.2","-598.6","-598.6","-598.6"
"537","-656.9","-656.9","-656.9","-592.9","-592.9","-592.9"
"538","-705","-705","-705","-612","-612","-612"
"539","-640.2","-640.2","-640.2","-574.9","-574.9","-574.9"
"540","-732.7","-732.7","-732.7","-579.7","-579.7","-579.7"
"541","-675","-675","-675","-560.6","-560.6","-560.6"
"542","-672.3","-672.3","-672.3","-621.9","-621.9","-621.9"
"543","-813.6","-813.6","-813.6","-489.3","-489.3","-489.3"
"544","-733.8","-733.8","-733.8","-595.3","-595.3","-595.3"
"545","-641.1","-641.1","-641.1","-548.5","-548.5","-548.5"
"546","-734.4","-734.4","-734.4","-574.9","-574.9","-574.9"
"547","-592.6","-592.6","-592.6","-586","-586","-586"
"548","-761.1","-761.1","-761.1","-596.9","-596.9","-596.9"
"549","-619.9","-619.9","-619.9","-604.4","-604.4","-604.4"
"550","-640","-640","-640","-618.1","-618.1","-618.1"
"551","-658.8","-658.8","-658.8","-595.8","-595.8","-595.8"
"552","-653.2","-653.2","-653.2","-593.6","-593.6","-593.6"
"553","-608.6","-608.6","-608.6","-588.9","-588.9","-588.9"
"554","-662.8","-662.8","-662.8","-563.1","-563.1","-563.1"
"555","-543.1","-543.1","-543.1","-492.6","-492.6","-492.6"
"556","-749.3","-749.3","-749.3","-555.8","-555.8","-555.8"
"557","-627.7","-627.7","-627.7","-626.9","-626.9","-626.9"
"558","-697.7","-697.7","-697.7","-561.1","-561.1","-561.1"
"559","-570.6","-570.6","-570.6","-633.2","-633.2","-633.2"
"560","-666.8","-666.8","-666.8","-609.2","-609.2","-609.2"
"561","-643.6","-643.6","-643.6","-572.3","-572.3","-572.3"
"562","-629","-629","-629","-599.1","-599.1","-599.1"
"563","-729.6","-729.6","-729.6","-596.9","-596.9","-596.9"
"564","-622.9","-622.9","-622.9","-634.3","-634.3","-634.3"
"565","-735","-735","-735","-558.2","-558.2","-558.2"
"566","-592.4","-592.4","-592.4","-635.9","-635.9","-635.9"
"567","-648.3","-648.3","-648.3","-575.8","-575.8","-575.8"
"568","-491.3","-491.3","-491.3","-651","-651","-651"
"569","-641.3","-641.3","-641.3","-564.9","-564.9","-564.9"
"570","-679.2","-679.2","-679.2","-627.5","-627.5","-627.5"
"571","-658.8","-658.8","-658.8","-537.1","-537.1","-537.1"
"572","-615.3","-615.3","-615.3","-527","-527","-527"
"573","-623","-623","-623","-560.9","-560.9","-560.9"
"574","-585.4","-585.4","-585.4","-647.1","-647.1","-647.1"
"575","-723.6","-723.6","-723.6","-528","-528","-528"
"576","-713.2","-713.2","-713.2","-652","-652","-652"
"577","-654.4","-654.4","-654.4","-589","-589","-589"
"578","-655.1","-655.1","-655.1","-654.5","-654.5","-654.5"
"579","-632.5","-632.5","-632.5","-596.2","-596.2","-596.2"
"580","-644.7","-644.7","-644.7","-657.5","-657.5","-657.5"
"581","-657.1","-657.1","-657.1","-609","-609","-609"
"582","-611.6","-611.6","-611.6","-598.7","-598.7","-598.7"
"583","-708.3","-708.3","-708.3","-591.2","-591.2","-591.2"
"584","-618.1","-618.1","-618.1","-509.1","-509.1","-509.1"
"585","-710.5","-710.5","-710.5","-555.5","-555.5","-555.5"
"586","-611.9","-611.9","-611.9","-553","-553","-553"
"587","-702","-702","-702","-582.5","-582.5","-582.5"
"588","-646.3","-646.3","-646.3","-577.9","-577.9","-577.9"
"589","-592.6","-592.6","-592.6","-592.2","-592.2","-592.2"
"590","-551","-551","-551","-540.3","-540.3","-540.3"
"591","-642.5","-642.5","-642.5","-595.1","-595.1","-595.1"
"592","-604.9","-604.9","-604.9","-561.5","-561.5","-561.5"
"593","-580.9","-580.9","-580.9","-610.1","-610.1","-610.1"
"594","-675.5","-675.5","-675.5","-572.6","-572.6","-572.6"
"595","-687.9","-687.9","-687.9","-616.8","-616.8","-616.8"
"596","-586","-586","-586","-590.6","-590.6","-590.6"
"597","-654.1","-654.1","-654.1","-569.6","-569.6","-569.6"
"598","-685.1","-685.1","-685.1","-521.4","-521.4","-521.4"
"599","-686","-686","-686","-604.3","-604.3","-604.3"
"600","-530.2","-530.2","-530.2","-563.1","-563.1","-563.1"
"601","-605.3","-605.3","-605.3","-533.9","-533.9","-533.9"
"602","-605.3","-605.3","-605.3","-611.8","-611.8","-611.8"
"603","-682.4","-682.4","-682.4","-614.4","-614.4","-614.4"
"604","-637.3","-637.3","-637.3","-678.9","-678.9","-678.9"
"605","-626.3","-626.3","-626.3","-524.7","-524.7","-524.7"
"606","-674.2","-674.2","-674.2","-577.2","-577.2","-577.2"
"607","-658.3","-658.3","-658.3","-644.6","-644.6","-644.6"
"608","-596.4","-596.4","-596.4","-579.7","-579.7","-579.7"
"609","-709.4","-709.4","-709.4","-664","-664","-664"
"610","-537.5","-537.5","-537.5","-585.1","-585.1","-585.1"
"611","-508","-508","-508","-621.9","-621.9","-621.9"
"612","-659.8","-659.8","-659.8","-633.8","-633.8","-633.8"
"613","-652.3","-652.3","-652.3","-539.1","-539.1","-539.1"
"614","-648.2","-648.2","-648.2","-591.3","-591.3","-591.3"
"615","-619.8","-619.8","-619.8","-586.1","-586.1","-586.1"
"616","-619.4","-619.4","-619.4","-661.5","-661.5","-661.5"
"617","-578.3","-578.3","-578.3","-630.7","-630.7","-630.7"
"618","-642.9","-642.9","-642.9","-603.7","-603.7","-603.7"
"619","-652.8","-652.8","-652.8","-548.4","-548.4","-548.4"
"620","-547.3","-547.3","-547.3","-488.9","-488.9","-488.9"
"621","-665.4","-665.4","-665.4","-643.3","-643.3","-643.3"
"622","-747.6","-747.6","-747.6","-583.3","-583.3","-583.3"
"623","-609.2","-609.2","-609.2","-561.7","-561.7","-561.7"
"624","-538.9","-538.9","-538.9","-558.7","-558.7","-558.7"
"625","-594.8","-594.8","-594.8","-569.4","-569.4","-569.4"
"626","-611.2","-611.2","-611.2","-578.9","-578.9","-578.9"
"627","-499.6","-499.6","-499.6","-574.5","-574.5","-574.5"
"628","-778.5","-778.5","-778.5","-561.8","-561.8","-561.8"
"629","-722.5","-722.5","-722.5","-494.8","-494.8","-494.8"
"630","-590","-590","-590","-620.6","-620.6","-620.6"
"631","-609.9","-609.9","-609.9","-487.3","-487.3","-487.3"
"632","-556.9","-556.9","-556.9","-516.7","-516.7","-516.7"
"633","-625.9","-625.9","-625.9","-489.4","-489.4","-489.4"
"634","-623","-623","-623","-562.5","-562.5","-562.5"
"635","-714.8","-714.8","-714.8","-570.8","-570.8","-570.8"
"636","-734.9","-734.9","-734.9","-667.5","-667.5","-667.5"
"637","-658.3","-658.3","-658.3","-505.7","-505.7","-505.7"
"638","-645.7","-645.7","-645.7","-503.1","-503.1","-503.1"
"639","-599.8","-599.8","-599.8","-550.5","-550.5","-550.5"
"640","-630.7","-630.7","-630.7","-564.1","-564.1","-564.1"
"641","-595.3","-595.3","-595.3","-565.9","-565.9","-565.9"
"642","-677.9","-677.9","-677.9","-573.1","-573.1","-573.1"
"643","-603.2","-603.2","-603.2","-642.2","-642.2","-642.2"
"644","-579.3","-579.3","-579.3","-570","-570","-570"
"645","-550.6","-550.6","-550.6","-547.6","-547.6","-547.6"
"646","-625.2","-625.2","-625.2","-612.6","-612.6","-612.6"
"647","-706.7","-706.7","-706.7","-546.5","-546.5","-546.5"
"648","-618","-618","-618","-570.5","-570.5","-570.5"
"649","-595.7","-595.7","-595.7","-574.3","-574.3","-574.3"
"650","-682.8","-682.8","-682.8","-551.8","-551.8","-551.8"
"651","-585.7","-585.7","-585.7","-588.3","-588.3","-588.3"
"652","-611.7","-611.7","-611.7","-526.6","-526.6","-526.6"
"653","-612.5","-612.5","-612.5","-586","-586","-586"
"654","-565","-565","-565","-603.2","-603.2","-603.2"
"655","-595","-595","-595","-511.5","-511.5","-511.5"
"656","-765.3","-765.3","-765.3","-555.3","-555.3","-555.3"
"657","-560.4","-560.4","-560.4","-539.6","-539.6","-539.6"
"658","-613.7","-613.7","-613.7","-584","-584","-584"
"659","-637.4","-637.4","-637.4","-515.8","-515.8","-515.8"
"660","-581.8","-581.8","-581.8","-627.5","-627.5","-627.5"
"661","-638.7","-638.7","-638.7","-535.1","-535.1","-535.1"
"662","-655.4","-655.4","-655.4","-549.7","-549.7","-549.7"
"663","-648","-648","-648","-519.2","-519.2","-519.2"
"664","-566.7","-566.7","-566.7","-645.8","-645.8","-645.8"
"665","-751.5","-751.5","-751.5","-598.9","-598.9","-598.9"
"666","-697.4","-697.4","-697.4","-564.9","-564.9","-564.9"
"667","-682.7","-682.7","-682.7","-584.2","-584.2","-584.2"
"668","-633.5","-633.5","-633.5","-563.6","-563.6","-563.6"
"669","-577.7","-577.7","-577.7","-547.5","-547.5","-547.5"
"670","-670.4","-670.4","-670.4","-586.3","-586.3","-586.3"
"671","-633.7","-633.7","-633.7","-538.1","-538.1","-538.1"
"672","-603.4","-603.4","-603.4","-584.3","-584.3","-584.3"
"673","-630.7","-630.7","-630.7","-585.1","-585.1","-585.1"
"674","-650.4","-650.4","-650.4","-592.2","-592.2","-592.2"
"675","-690.9","-690.9","-690.9","-593.2","-593.2","-593.2"
"676","-532.6","-532.6","-532.6","-595.9","-595.9","-595.9"
"677","-577.7","-577.7","-577.7","-621.3","-621.3","-621.3"
"678","-644.1","-644.1","-644.1","-566.1","-566.1","-566.1"
"679","-577","-577","-577","-615.1","-615.1","-615.1"
"680","-600","-600","-600","-560.7","-560.7","-560.7"
"681","-618","-618","-618","-625.8","-625.8","-625.8"
"682","-517.3","-517.3","-517.3","-611.1","-611.1","-611.1"
"683","-648.9","-648.9","-648.9","-480","-480","-480"
"684","-573.7","-573.7","-573.7","-476.8","-476.8","-476.8"
"685","-602.3","-602.3","-602.3","-511.6","-511.6","-511.6"
"686","-636.4","-636.4","-636.4","-500.9","-500.9","-500.9"
"687","-650","-650","-650","-484.7","-484.7","-484.7"
"688","-641","-641","-641","-523.9","-523.9","-523.9"
"689","-566","-566","-566","-526.9","-526.9","-526.9"
"690","-598.7","-598.7","-598.7","-624.8","-624.8","-624.8"
"691","-701.9","-701.9","-701.9","-574.8","-574.8","-574.8"
"692","-659.4","-659.4","-659.4","-485.2","-485.2","-485.2"
"693","-631.7","-631.7","-631.7","-618.9","-618.9","-618.9"
"694","-605.7","-605.7","-605.7","-578.4","-578.4","-578.4"
"695","-557.7","-557.7","-557.7","-541","-541","-541"
"696","-600.6","-600.6","-600.6","-545.6","-545.6","-545.6"
"697","-748.8","-748.8","-748.8","-512.4","-512.4","-512.4"
"698","-632.2","-632.2","-632.2","-582.6","-582.6","-582.6"
"699","-649.1","-649.1","-649.1","-574.6","-574.6","-574.6"
"700","-701.1","-701.1","-701.1","-556.1","-556.1","-556.1"
"701","-607","-607","-607","-594.5","-594.5","-594.5"
"702","-632.8","-632.8","-632.8","-640.2","-640.2","-640.2"
"703","-544.9","-544.9","-544.9","-526.4","-526.4","-526.4"
"704","-610.8","-610.8","-610.8","-652.7","-652.7","-652.7"
"705","-724.3","-724.3","-724.3","-485.4","-485.4","-485.4"
"706","-502.7","-502.7","-502.7","-624","-624","-624"
"707","-632","-632","-632","-567","-567","-567"
"708","-546.2","-546.2","-546.2","-589","-589","-589"
"709","-604.2","-604.2","-604.2","-610.1","-610.1","-610.1"
"710","-649.9","-649.9","-649.9","-638.9","-638.9","-638.9"
"711","-662.5","-662.5","-662.5","-625.3","-625.3","-625.3"
"712","-628.1","-628.1","-628.1","-606.7","-606.7","-606.7"
"713","-596.4","-596.4","-596.4","-573.3","-573.3","-573.3"
"714","-541.3","-541.3","-541.3","-518.1","-518.1","-518.1"
"715","-698.2","-698.2","-698.2","-485.1","-485.1","-485.1"
"716","-540.3","-540.3","-540.3","-556","-556","-556"
"717","-697.7","-697.7","-697.7","-587.8","-587.8","-587.8"
"718","-653.3","-653.3","-653.3","-549","-549","-549"
"719","-604","-604","-604","-595.6","-595.6","-595.6"
"720","-516.9","-516.9","-516.9","-664.3","-664.3","-664.3"
"721","-593.3","-593.3","-593.3","-488.7","-488.7","-488.7"
"722","-593","-593","-593","-602.1","-602.1","-602.1"
"723","-685.2","-685.2","-685.2","-599.8","-599.8","-599.8"
"724","-541.3","-541.3","-541.3","-480.6","-480.6","-480.6"
"725","-520.8","-520.8","-520.8","-572.7","-572.7","-572.7"
"726","-525.5","-525.5","-525.5","-596.7","-596.7","-596.7"
"727","-630.1","-630.1","-630.1","-509.9","-509.9","-509.9"
"728","-610","-610","-610","-578.1","-578.1","-578.1"
"729","-621.2","-621.2","-621.2","-575.4","-575.4","-575.4"
"730","-676.4","-676.4","-676.4","-594.7","-594.7","-594.7"
"731","-632.8","-632.8","-632.8","-694.2","-694.2","-694.2"
"732","-595.9","-595.9","-595.9","-609.3","-609.3","-609.3"
"733","-610.1","-610.1","-610.1","-610.8","-610.8","-610.8"
"734","-710.5","-710.5","-710.5","-486","-486","-486"
"735","-639.3","-639.3","-639.3","-608.1","-608.1","-608.1"
"736","-567.3","-567.3","-567.3","-599.1","-599.1","-599.1"
"737","-657.7","-657.7","-657.7","-575","-575","-575"
"738","-618.8","-618.8","-618.8","-619.3","-619.3","-619.3"
"739","-624.4","-624.4","-624.4","-631.8","-631.8","-631.8"
"740","-597.1","-597.1","-597.1","-552.4","-552.4","-552.4"
"741","-636.6","-636.6","-636.6","-517.6","-517.6","-517.6"
"742","-538.8","-538.8","-538.8","-588.4","-588.4","-588.4"
"743","-635.6","-635.6","-635.6","-564.4","-564.4","-564.4"
"744","-647.2","-647.2","-647.2","-492.2","-492.2","-492.2"
"745","-589.7","-589.7","-589.7","-579.8","-579.8","-579.8"
"746","-546.3","-546.3","-546.3","-572.4","-572.4","-572.4"
"747","-633.2","-633.2","-633.2","-556.2","-556.2","-556.2"
"748","-614.1","-614.1","-614.1","-666.8","-666.8","-666.8"
"749","-618.3","-618.3","-618.3","-515.8","-515.8","-515.8"
"750","-664.1","-664.1","-664.1","-642.6","-642.6","-642.6"
"751","-487.8","-487.8","-487.8","-616","-616","-616"
"752","-549.4","-549.4","-549.4","-532.3","-532.3","-532.3"
"753","-550.8","-550.8","-550.8","-488.2","-488.2","-488.2"
"754","-610.2","-610.2","-610.2","-581.3","-581.3","-581.3"
"755","-550.8","-550.8","-550.8","-525.3","-525.3","-525.3"
"756","-617.2","-617.2","-617.2","-594.6","-594.6","-594.6"
"757","-695.7","-695.7","-695.7","-633.6","-633.6","-633.6"
"758","-673","-673","-673","-574.2","-574.2","-574.2"
"759","-478.5","-478.5","-478.5","-563.9","-563.9","-563.9"
"760","-609.1","-609.1","-609.1","-535.7","-535.7","-535.7"
"761","-476.2","-476.2","-476.2","-581.6","-581.6","-581.6"
"762","-568.4","-568.4","-568.4","-607.5","-607.5","-607.5"
"763","-570.6","-570.6","-570.6","-719.5","-719.5","-719.5"
"764","-601.4","-601.4","-601.4","-616.5","-616.5","-616.5"
"765","-634.6","-634.6","-634.6","-550.1","-550.1","-550.1"
"766","-591.6","-591.6","-591.6","-571.9","-571.9","-571.9"
"767","-586.4","-586.4","-586.4","-594.4","-594.4","-594.4"
"768","-587.9","-587.9","-587.9","-603.5","-603.5","-603.5"
"769","-572.4","-572.4","-572.4","-567.5","-567.5","-567.5"
"770","-604.3","-604.3","-604.3","-613.1","-613.1","-613.1"
"771","-605.4","-605.4","-605.4","-610.3","-610.3","-610.3"
"772","-565.8","-565.8","-565.8","-601.2","-601.2","-601.2"
"773","-551.4","-551.4","-551.4","-575.8","-575.8","-575.8"
"774","-460.5","-460.5","-460.5","-532.4","-532.4","-532.4"
"775","-622.1","-622.1","-622.1","-510.2","-510.2","-510.2"
"776","-528.1","-528.1","-528.1","-610.9","-610.9","-610.9"
"777","-686.5","-686.5","-686.5","-492","-492","-492"
"778","-600.6","-600.6","-600.6","-544.8","-544.8","-544.8"
"779","-675.5","-675.5","-675.5","-600.4","-600.4","-600.4"
"780","-589.6","-589.6","-589.6","-597.1","-597.1","-597.1"
"781","-677.4","-677.4","-677.4","-607.8","-607.8","-607.8"
"782","-551.4","-551.4","-551.4","-578.1","-578.1","-578.1"
"783","-659.4","-659.4","-659.4","-530.1","-530.1","-530.1"
"784","-526","-526","-526","-624.2","-624.2","-624.2"
"785","-655.9","-655.9","-655.9","-534.4","-534.4","-534.4"
"786","-623.8","-623.8","-623.8","-538.1","-538.1","-538.1"
"787","-556.4","-556.4","-556.4","-571.9","-571.9","-571.9"
"788","-549.9","-549.9","-549.9","-594.5","-594.5","-594.5"
"789","-486.7","-486.7","-486.7","-530.1","-530.1","-530.1"
"790","-646.3","-646.3","-646.3","-646.9","-646.9","-646.9"
"791","-570.9","-570.9","-570.9","-560","-560","-560"
"792","-669.5","-669.5","-669.5","-522.1","-522.1","-522.1"
"793","-677.4","-677.4","-677.4","-558.3","-558.3","-558.3"
"794","-575.6","-575.6","-575.6","-637.8","-637.8","-637.8"
"795","-566.2","-566.2","-566.2","-534.1","-534.1","-534.1"
"796","-622.9","-622.9","-622.9","-481.2","-481.2","-481.2"
"797","-622.9","-622.9","-622.9","-553.4","-553.4","-553.4"
"798","-636.6","-636.6","-636.6","-572.8","-572.8","-572.8"
"799","-559.2","-559.2","-559.2","-546.1","-546.1","-546.1"
"800","-585","-585","-585","-536.8","-536.8","-536.8"
"801","-580.9","-580.9","-580.9","-590.8","-590.8","-590.8"
"802","-589.9","-589.9","-589.9","-591","-591","-591"
"803","-574.5","-574.5","-574.5","-553.9","-553.9","-553.9"
"804","-583","-583","-583","-593.1","-593.1","-593.1"
"805","-575","-575","-575","-567.2","-567.2","-567.2"
"806","-582.7","-582.7","-582.7","-465.3","-465.3","-465.3"
"807","-600.3","-600.3","-600.3","-598.5","-598.5","-598.5"
"808","-529.6","-529.6","-529.6","-581.1","-581.1","-581.1"
"809","-539","-539","-539","-572.9","-572.9","-572.9"
"810","-532.1","-532.1","-532.1","-556.2","-556.2","-556.2"
"811","-635.4","-635.4","-635.4","-487.1","-487.1","-487.1"
"812","-586.7","-586.7","-586.7","-562.7","-562.7","-562.7"
"813","-619.5","-619.5","-619.5","-597.8","-597.8","-597.8"
"814","-556.1","-556.1","-556.1","-565.2","-565.2","-565.2"
"815","-632.4","-632.4","-632.4","-576.3","-576.3","-576.3"
"816","-608.2","-608.2","-608.2","-561.2","-561.2","-561.2"
"817","-588.9","-588.9","-588.9","-522.8","-522.8","-522.8"
"818","-596.9","-596.9","-596.9","-530.5","-530.5","-530.5"
"819","-642.9","-642.9","-642.9","-634.1","-634.1","-634.1"
"820","-569.6","-569.6","-569.6","-512.1","-512.1","-512.1"
"821","-567.7","-567.7","-567.7","-572.3","-572.3","-572.3"
"822","-486.8","-486.8","-486.8","-575.4","-575.4","-575.4"
"823","-516.2","-516.2","-516.2","-521.1","-521.1","-521.1"
"824","-607.9","-607.9","-607.9","-537.9","-537.9","-537.9"
"825","-604.1","-604.1","-604.1","-570.7","-570.7","-570.7"
"826","-607","-607","-607","-508.1","-508.1","-508.1"
"827","-612.2","-612.2","-612.2","-543.8","-543.8","-543.8"
"828","-609","-609","-609","-559.7","-559.7","-559.7"
"829","-600.6","-600.6","-600.6","-521.7","-521.7","-521.7"
"830","-542.4","-542.4","-542.4","-565","-565","-565"
"831","-699","-699","-699","-485.6","-485.6","-485.6"
"832","-664.8","-664.8","-664.8","-607.2","-607.2","-607.2"
"833","-626.7","-626.7","-626.7","-545.3","-545.3","-545.3"
"834","-497.6","-497.6","-497.6","-556.3","-556.3","-556.3"
"835","-585","-585","-585","-569.6","-569.6","-569.6"
"836","-647.7","-647.7","-647.7","-576.5","-576.5","-576.5"
"837","-502","-502","-502","-521","-521","-521"
"838","-604.2","-604.2","-604.2","-571.1","-571.1","-571.1"
"839","-544.5","-544.5","-544.5","-590.2","-590.2","-590.2"
"840","-653.9","-653.9","-653.9","-651.1","-651.1","-651.1"
"841","-541.1","-541.1","-541.1","-616","-616","-616"
"842","-591","-591","-591","-586.6","-586.6","-586.6"
"843","-588.1","-588.1","-588.1","-566.8","-566.8","-566.8"
"844","-544","-544","-544","-598.9","-598.9","-598.9"
"845","-570.2","-570.2","-570.2","-527.7","-527.7","-527.7"
"846","-562.6","-562.6","-562.6","-531.7","-531.7","-531.7"
"847","-655.3","-655.3","-655.3","-514.8","-514.8","-514.8"
"848","-663.8","-663.8","-663.8","-620.8","-620.8","-620.8"
"849","-575.9","-575.9","-575.9","-522.9","-522.9","-522.9"
"850","-598.7","-598.7","-598.7","-585.5","-585.5","-585.5"
"851","-543","-543","-543","-561.4","-561.4","-561.4"
"852","-695.2","-695.2","-695.2","-590.3","-590.3","-590.3"
"853","-542.4","-542.4","-542.4","-562","-562","-562"
"854","-519.9","-519.9","-519.9","-538.3","-538.3","-538.3"
"855","-620","-620","-620","-591.9","-591.9","-591.9"
"856","-622.2","-622.2","-622.2","-517.2","-517.2","-517.2"
"857","-588.4","-588.4","-588.4","-596.4","-596.4","-596.4"
"858","-599.9","-599.9","-599.9","-602.3","-602.3","-602.3"
"859","-520.3","-520.3","-520.3","-521","-521","-521"
"860","-599.5","-599.5","-599.5","-536.1","-536.1","-536.1"
"861","-615.5","-615.5","-615.5","-563.5","-563.5","-563.5"
"862","-592.1","-592.1","-592.1","-508.7","-508.7","-508.7"
"863","-578.5","-578.5","-578.5","-558.7","-558.7","-558.7"
"864","-547.9","-547.9","-547.9","-562.4","-562.4","-562.4"
"865","-575.9","-575.9","-575.9","-545.5","-545.5","-545.5"
"866","-548.9","-548.9","-548.9","-603.1","-603.1","-603.1"
"867","-649.4","-649.4","-649.4","-541.9","-541.9","-541.9"
"868","-505.7","-505.7","-505.7","-593.8","-593.8","-593.8"
"869","-549.6","-549.6","-549.6","-501.3","-501.3","-501.3"
"870","-574.3","-574.3","-574.3","-667.3","-667.3","-667.3"
"871","-567.6","-567.6","-567.6","-657.1","-657.1","-657.1"
"872","-552.5","-552.5","-552.5","-616.7","-616.7","-616.7"
"873","-635","-635","-635","-533","-533","-533"
"874","-656.2","-656.2","-656.2","-574.9","-574.9","-574.9"
"875","-568.3","-568.3","-568.3","-597.7","-597.7","-597.7"
"876","-521.9","-521.9","-521.9","-555.7","-555.7","-555.7"
"877","-595","-595","-595","-551.8","-551.8","-551.8"
"878","-540.6","-540.6","-540.6","-501.3","-501.3","-501.3"
"879","-559","-559","-559","-558.6","-558.6","-558.6"
"880","-513.6","-513.6","-513.6","-557.4","-557.4","-557.4"
"881","-543.8","-543.8","-543.8","-567.9","-567.9","-567.9"
"882","-544.7","-544.7","-544.7","-554.4","-554.4","-554.4"
"883","-601.8","-601.8","-601.8","-590.7","-590.7","-590.7"
"884","-622.8","-622.8","-622.8","-582.7","-582.7","-582.7"
"885","-584","-584","-584","-551.9","-551.9","-551.9"
"886","-576.5","-576.5","-576.5","-564.4","-564.4","-564.4"
"887","-522.4","-522.4","-522.4","-565.2","-565.2","-565.2"
"888","-552.8","-552.8","-552.8","-514","-514","-514"
"889","-609.5","-609.5","-609.5","-592.5","-592.5","-592.5"
"890","-618.1","-618.1","-618.1","-540.6","-540.6","-540.6"
"891","-655.5","-655.5","-655.5","-549.3","-549.3","-549.3"
"892","-591","-591","-591","-575.1","-575.1","-575.1"
"893","-588.9","-588.9","-588.9","-526.4","-526.4","-526.4"
"894","-630.1","-630.1","-630.1","-648.8","-648.8","-648.8"
"895","-578.3","-578.3","-578.3","-592.1","-592.1","-592.1"
"896","-481.5","-481.5","-481.5","-574.7","-574.7","-574.7"
"897","-540.1","-540.1","-540.1","-538.3","-538.3","-538.3"
"898","-555.2","-555.2","-555.2","-645.2","-645.2","-645.2"
"899","-590.8","-590.8","-590.8","-571.3","-571.3","-571.3"
"900","-555.9","-555.9","-555.9","-585.6","-585.6","-585.6"
"901","-475.5","-475.5","-475.5","-553.8","-553.8","-553.8"
"902","-533","-533","-533","-540.4","-540.4","-540.4"
"903","-526.4","-526.4","-526.4","-588.5","-588.5","-588.5"
"904","-581.4","-581.4","-581.4","-636.7","-636.7","-636.7"
"905","-566.7","-566.7","-566.7","-619","-619","-619"
"906","-630.3","-630.3","-630.3","-607.1","-607.1","-607.1"
"907","-539.3","-539.3","-539.3","-628.3","-628.3","-628.3"
"908","-599","-599","-599","-507.6","-507.6","-507.6"
"909","-509.8","-509.8","-509.8","-530.4","-530.4","-530.4"
"910","-585.9","-585.9","-585.9","-587","-587","-587"
"911","-561.8","-561.8","-561.8","-556.6","-556.6","-556.6"
"912","-521.5","-521.5","-521.5","-618.7","-618.7","-618.7"
"913","-574.4","-574.4","-574.4","-610.4","-610.4","-610.4"
"914","-592.9","-592.9","-592.9","-467.4","-467.4","-467.4"
"915","-551.2","-551.2","-551.2","-585.7","-585.7","-585.7"
"916","-591","-591","-591","-557.9","-557.9","-557.9"
"917","-647.8","-647.8","-647.8","-543.9","-543.9","-543.9"
"918","-700.8","-700.8","-700.8","-577.1","-577.1","-577.1"
"919","-600.5","-600.5","-600.5","-633.1","-633.1","-633.1"
"920","-570.6","-570.6","-570.6","-534.3","-534.3","-534.3"
"921","-550.1","-550.1","-550.1","-559.3","-559.3","-559.3"
"922","-561.8","-561.8","-561.8","-612.7","-612.7","-612.7"
"923","-577.6","-577.6","-577.6","-559.3","-559.3","-559.3"
"924","-592.6","-592.6","-592.6","-557.5","-557.5","-557.5"
"925","-526.4","-526.4","-526.4","-562.7","-562.7","-562.7"
"926","-581.9","-581.9","-581.9","-563.7","-563.7","-563.7"
"927","-620.4","-620.4","-620.4","-579.9","-579.9","-579.9"
"928","-558","-558","-558","-574.4","-574.4","-574.4"
"929","-605.7","-605.7","-605.7","-575.3","-575.3","-575.3"
"930","-631.4","-631.4","-631.4","-571.2","-571.2","-571.2"
"931","-608","-608","-608","-582.5","-582.5","-582.5"
"932","-552","-552","-552","-546.1","-546.1","-546.1"
"933","-574.6","-574.6","-574.6","-606.4","-606.4","-606.4"
"934","-533.8","-533.8","-533.8","-578","-578","-578"
"935","-548","-548","-548","-524.9","-524.9","-524.9"
"936","-512.1","-512.1","-512.1","-528.2","-528.2","-528.2"
"937","-564.2","-564.2","-564.2","-475.1","-475.1","-475.1"
"938","-511.1","-511.1","-511.1","-545","-545","-545"
"939","-606.9","-606.9","-606.9","-561.6","-561.6","-561.6"
"940","-615.9","-615.9","-615.9","-601.4","-601.4","-601.4"
"941","-624.9","-624.9","-624.9","-599.8","-599.8","-599.8"
"942","-485.6","-485.6","-485.6","-613.9","-613.9","-613.9"
"943","-576.7","-576.7","-576.7","-498.4","-498.4","-498.4"
"944","-608.4","-608.4","-608.4","-533.3","-533.3","-533.3"
"945","-583.8","-583.8","-583.8","-522.2","-522.2","-522.2"
"946","-523.3","-523.3","-523.3","-585.9","-585.9","-585.9"
"947","-595.3","-595.3","-595.3","-572.3","-572.3","-572.3"
"948","-559.4","-559.4","-559.4","-584.9","-584.9","-584.9"
"949","-575.2","-575.2","-575.2","-575.1","-575.1","-575.1"
"950","-548.4","-548.4","-548.4","-576.5","-576.5","-576.5"
"951","-625.7","-625.7","-625.7","-603","-603","-603"
"952","-623.5","-623.5","-623.5","-422","-422","-422"
"953","-612.6","-612.6","-612.6","-494.4","-494.4","-494.4"
"954","-666.9","-666.9","-666.9","-575.4","-575.4","-575.4"
"955","-612.4","-612.4","-612.4","-531.7","-531.7","-531.7"
"956","-667.2","-667.2","-667.2","-587.9","-587.9","-587.9"
"957","-607.7","-607.7","-607.7","-587.7","-587.7","-587.7"
"958","-613.5","-613.5","-613.5","-595.3","-595.3","-595.3"
"959","-555","-555","-555","-568.9","-568.9","-568.9"
"960","-664.9","-664.9","-664.9","-474.5","-474.5","-474.5"
"961","-537.8","-537.8","-537.8","-544.3","-544.3","-544.3"
"962","-476.5","-476.5","-476.5","-605.8","-605.8","-605.8"
"963","-591.7","-591.7","-591.7","-648.7","-648.7","-648.7"
"964","-600","-600","-600","-645.8","-645.8","-645.8"
"965","-630.8","-630.8","-630.8","-535.5","-535.5","-535.5"
"966","-547.8","-547.8","-547.8","-582.4","-582.4","-582.4"
"967","-510.3","-510.3","-510.3","-533.8","-533.8","-533.8"
"968","-568.3","-568.3","-568.3","-648.3","-648.3","-648.3"
"969","-559.6","-559.6","-559.6","-614.5","-614.5","-614.5"
"970","-536.2","-536.2","-536.2","-559.7","-559.7","-559.7"
"971","-581.3","-581.3","-581.3","-546.9","-546.9","-546.9"
"972","-602.5","-602.5","-602.5","-528.2","-528.2","-528.2"
"973","-629.3","-629.3","-629.3","-637.2","-637.2","-637.2"
"974","-538.2","-538.2","-538.2","-525.7","-525.7","-525.7"
"975","-542.7","-542.7","-542.7","-597.4","-597.4","-597.4"
"976","-576.7","-576.7","-576.7","-584.9","-584.9","-584.9"
"977","-598.1","-598.1","-598.1","-571","-571","-571"
"978","-549.3","-549.3","-549.3","-531.9","-531.9","-531.9"
"979","-489.4","-489.4","-489.4","-535.5","-535.5","-535.5"
"980","-573.8","-573.8","-573.8","-502.5","-502.5","-502.5"
"981","-487.8","-487.8","-487.8","-572.3","-572.3","-572.3"
"982","-585.9","-585.9","-585.9","-524.7","-524.7","-524.7"
"983","-652.1","-652.1","-652.1","-633.8","-633.8","-633.8"
"984","-545.6","-545.6","-545.6","-563.2","-563.2","-563.2"
"985","-575","-575","-575","-593","-593","-593"
"986","-595","-595","-595","-536.7","-536.7","-536.7"
"987","-416.2","-416.2","-416.2","-560.4","-560.4","-560.4"
"988","-576","-576","-576","-632.6","-632.6","-632.6"
"989","-535.8","-535.8","-535.8","-565.9","-565.9","-565.9"
"990","-522.8","-522.8","-522.8","-553.5","-553.5","-553.5"
"991","-463.8","-463.8","-463.8","-630.1","-630.1","-630.1"
"992","-594.9","-594.9","-594.9","-617.6","-617.6","-617.6"
"993","-600.7","-600.7","-600.7","-570","-570","-570"
"994","-556.2","-556.2","-556.2","-553.5","-553.5","-553.5"
"995","-537.3","-537.3","-537.3","-544.2","-544.2","-544.2"
"996","-591.6","-591.6","-591.6","-563.9","-563.9","-563.9"
"997","-560.2","-560.2","-560.2","-574.4","-574.4","-574.4"
"998","-560.7","-560.7","-560.7","-568.7","-568.7","-568.7"
"999","-576.8","-576.8","-576.8","-568.2","-568.2","-568.2"